"1+1 주소, 一-一住所, one plus one address",동의어 : 1+1 번지,하나의 명령어가 연산자와 데이터 주소 및 다음 명령어 주소로 구성되는 아주 단순한 명령어 체계 또는 방식. 호출 시간이 짧고 계산 속도가 빠르다.
"1, 2종 망 종단 장치, 一-二種網終端裝置, Network Terminal Type 1, 2, NT 1, 2",,"종합 정보 통신망(ISDN)의 망 종단 장치의 일종으로, 1종 망 종단 장치(NT 1)와 2종 망 종단 장치(NT 2)의 기능을 결합한 장치. 많은 국가에서 ISDN 제공자(사업자)가 가입자에게 1, 2종 망 종단 장치(NT 1, 2)를 설치해 주고 관리하며 일반 서비스를 제공한다. 미국과 같이 가입자 구내 장비의 공급 경쟁이 치열하고 독점 공급이 규제되는 국가에서 사업자는 NT 1만을 공급하고 NT 2는 제3자가 공급한다. 그러므로 NT 1, 2는 공급하지 못한다."
"10.2 채널 음향, -音響, 10.2 channel audio",,"청취자를 중심으로 독립된 스피커 10개와 저음을 전용으로 재생하는 서브우퍼(subwoofer) 2개로 구성된 음향 시스템. 독립된 스피커 10개는 각각 수평면으로 전방 중앙(C), 전방 좌측(L), 전방 우측(R), 후방 좌측(LB), 후방 우측(RB), 좌측(LS), 우측(RS), 그리고 수직면으로 후방 중앙(CH), 전방 좌측(LH), 전방 우측(RH)에 위치하며, 서브우퍼는 바닥면 좌측(LFE1)과 바닥면 우측(RFE2)에 위치한다. 이를 통해 기존 HDTV의 5.1 채널 음향보다 사실적이고 현장감 넘치는 입체 음향을 제공한다. 10.2 채널 오디오 기술은 우리나라 ETRI와 삼성전자가 공동 개발하였으며, ITU 국제 표준(BS.2051)으로 채택되었다. "
"100% 순수 자바, -純粹-, 100% pure Java",,"자바 언어로 개발된 프로그램 중에서 자바 운영 체계(OS) 자체만의 응용 프로그램 인터페이스(API) 등을 이용함으로써 자바의 목표인 하나의 프로그램으로 모든 기기에서 사용(Write Once, Run Anywhere)할 수 있는 프로그램임을 인정하는 인증 용어. 100% 순수 자바 프로그램은 운영 체계나 하드웨어 플랫폼에 상관없이 정상 동작된다."
"10M/100M 자동 인식, 十-百-自動認識, 10M/100M automatic recognition, 10M/100M AR",,"구내 정보 통신망(LAN) 스위치나 PC용 LAN 카드 등에서 접속 상대에 따라 1개의 LAN 포트를 10 BASE-T나 100 BASE-TX에 자동적으로 절체해서 통신하는 기능. IEEE 802.3 자동 연결 기능으로 정해진 표준의 한 기능으로 볼 수 있다. IEEE 802.3에서 규정되기 이전에 몇 개의 제조 회사가 같은 기능을 실현하여 ‘Nway’, ‘Auto Sense’ 등으로 부르고 있으나 호환성은 없다. IEEE 802.3 자동 연결 기능에서는 접속 상대끼리 송수신하는 신호(ring pulse)에 인터페이스 종별 정보를 실어서 주고받음으로써 상호 최적의 인터페이스를 확정한다. 인식 대상으로 규정된 인터페이스는 100 BASE-T2의 전이중, 100 BASE-TX의 전이중, 100 BASE-T2의 반이중, 100 BASE-T4, 100 BASE-TX의 반이중, 10 BASE-T의 전이중, 10 BASE-T의 반이중으로 7종류이다. 우선 순위 역시 이 순서로 정의되어 있다. 통신 상대방이 자동 인식을 갖지 않은 10Mbps 전용 기기인 경우는 10 BASE-T의 노멀 링 펄스(normal ring pulse)로부터 접속 속도를 판단하여 10Mbps로 통신하며, 100Mbps 전용기인 경우는 100 BASE-TX의 아이들(idle) 신호로부터 접속 속도를 판단하여 100Mbps로 통신한다."
"10 기가 이더넷, 10-Gigabit Ethernet, 10GbE",,"이더넷 상에서 초당 10 기가의 데이터 속도를 제공하는 선진 통신 기술로 된 IEEE 802.3a 표준. 대부분 LAN의 이더넷에 설치되며 기간 망간의 데이터 전송과 단말에 일관된 기술을 제공하는 매우 유용하고 저렴한 기술이다. 광섬유를 사용한 것은 비동기 전송 방식(ATM)과 동기식 광통신망(SONET) 다중화기를 사용하는 기존의 네트워크를 대신할 수 있고 데이터 속도도 2.5Gbps에서 10Gbps로 개선할 수 있다. 구내 정보 통신망(LAN), 광역 통신망(WAN), 도시권 통신망(MAN)을 상호 접속하는데 사용하고, IEEE 802 이더넷 MAC 프로토콜의 프레임 형식과 크기를 사용하며, 상당한 거리까지 양방향 송신이 가능하다. 다중 모드 광섬유의 경우에는 거리 300 미터까지, 단일 모드 광섬유의 경우에는 40 킬로미터까지 송신이 가능하다."
"10진 가산기, 十進加算器, decimal adder",동의어 : 10진 덧셈기,10진으로 표시된 수치를 여러 개 덧셈하는 회로.
"10진 분류법, 十進分類法, decimal classification",,"듀이(M. Dewey)가 개발한 도서 분류법의 한 가지. 현재 가장 널리 사용되는 것으로는 국제 10진 분류법(UDC)이 있다. 이것은 모든 범위에 걸쳐 사용되고 있으며, 특히 과학 기술 관계의 내용이 충실하다. 이 방법은 우선 대분류로 0~9까지 10진 분류하고 다시 10진 분류하면서 상세화하는 것인데, 도서나 문헌 등을 분류하는 데 적합하며, 대부분의 도서관에서는 이 방법을 이용하여 서적을 분류하고 있다."
"120㎐ 풀 HD, 120㎐ Full High-Definition, 120Hz Full HD",,"텔레비전 수신기나 컴퓨터 모니터 등에서 초당 120 프레임으로 영상을 구현하는 기술. 지상파 HDTV는 1,920x1,080 화소로 30 프레임까지 전송이 가능하지만, 120㎐ 풀 HD TV 수신기에서는 이들 신호를 수신하여 각 필드를 프레임으로 변환하여 60 프레임을 구성하고, 보간/예측 프레임을 삽입하여 120 프레임으로 구동한다."
"128 비트 암호, -暗號, 128-bit encryption",,"길이가 128비트인 암호 키를 사용하는 암호 방식. 미국 표준 암호 방식 DES(data encryption standard)는 암호화하는 데이터를 64비트의 블록으로 분할해서 불록 단위로 56비트의 키 데이터를 사용, 암호화한다. 컴퓨터의 발달에 따라 DES의 안전성이 불충분하므로 미국 국립 표준 기술 연구소(NIST)가 차세대 표준 암호 방식 AES(advanced encryption standard)를 개발하였다. AES 요구 규격은 데이터 블록 길이가 128비트이고, 키의 길이는 128비트, 192비트 및 256비트의 3종류가 있다."
"12진법, 十二進法, duodecimal",,"①12개의 가능성 있는 선택, 조건을 수반하는 성질에 대한 용어. ②12를 기수(radix)로 하는 고정 기수 기수법과 관련되는 용어."
"1/4 파장 변성기, -波長變成器, quarter-wave length transformer",,임피던스를 정합하기 위하여 사용하는 길이 1/4 파장의 전송로.
"1/4 파장 슬리브, -波長-, quarter-wave length sleeve",,"평형형 안테나를 동축선에 접속하기 위한 정합에 사용되는 밸룬(balun)의 일종으로, 동축선의 외부 도체 주위에 길이가 1/4 파장인 원통형 도체를 씌워서 급전점으로부터 먼 쪽의 끝에서 동축선의 외부 도체에 접속시킨 것."
"1/4 파장 안테나, -波長-, quarter-wave antenna",,"장중파대 파장의 1/4 도선을 대지에 접지하여 설치하는 안테나.장중파대에서 그 파장의 1/4인 도선을 대지에 접지하여 설치하면 대지 속에 생기는 전기 영상 때문에 전체 길이가 1/2 파장의 안테나와 등가가 되고, 그 파장에서 공진하게 된다. 또 초단파(VHF)대에서도 파장에 비해 충분히 큰 도체상에 1/4 파장의 발사체를 설치하면 같은 이유로 등가 1/2 파장 안테나를 형성하는 것이 된다. 전자의 예가 1/4 파장 수직 안테나, 후자의 예가 브라운 안테나이다."
"1/4 파장 정합 회로, -波長整合回路, quarter-wave matching circuit",,"동축 선로의 일부에 2개의 유전체를 삽입하고 그 사이의 길이를 1/4 파장으로 한 다음, 두 유전체의 간격을 조정하여 수신단의 부하에 따른 반사파를 상쇄하도록 정합시킨 선로. 또는 동축선의 바깥쪽에 1/4 파장의 원통 도체를 씌워 이것에 접속한 평행한 두 가닥의 비평형 전류를 상쇄시키는 데 쓰이는 것을 말한다."
"16/32 비트 마이크로컴퓨터, sixteen/thirty two bit microcomputer",,"32비트 프로세서를 사용하는 시스템으로서 외부의 16라인 데이터 버스도 다중화하는 마이크로컴퓨터. 단어 크기가 클수록 더욱 정확한 계산과 복잡한 명령 수행이 가능하며, 데이터 버스가 클수록 기억 장소로의 데이터 송수신 전송이 빨라진다."
"16 비트 마이크로컴퓨터, sixteen-bit microcomputer",,"16비트 단어 크기를 가진 처리기를 사용하는 시스템. 외부의 8라인 데이터 버스도 다중화하며, 단어 크기가 클수록 주소 지정용 기억 장치량이 증가하여 더욱 정확한 명령 수행이 가능하다."
"16비트 파일 할당표, -割當票-, File Allocation Table 16, FAT16",,"DOS, 윈도3.1, 윈도95 등에 주로 사용되었던 16-bit를 기본으로 하는 파일 시스템. 개인용 컴퓨터 초기의 파일 시스템으로서 최저 16 MB에서 최대 2,048 MB(2 GB) 범위까지를 인식한다. HDD의 용량이 이보다 크면 파티션(partition)을 분리하든가 FAT 32나 NTFS 등으로 변환해야 인식할 수 있다."
"16진 기수법, 十六進記數法, hexadecimal number system",,"숫자 0, 1, 2, 3, 4, 5, 6, 7, 8, 9 및 영문자 A, B, C, D, E, F를 사용하며, 기수(radix)가 16이고 가장 작은 정수(定數)의 무게가 1인 고정 기수 기수법. 영문자 A, B, C, D, E, F는 각각 10, 11, 12, 13, 14, 15를 나타낸다. 이 기수법에서는 예를 들면 3E8이라는 수는 3×162＋14×161＋8×160으로 표현된다."
"1934년 통신법, -年通信法, The Communications Act of 1934",,"1934년에 제정된 미국의 연방 통신법. 1934년에 법안이 의회를 통과하여 제정되었기 때문에 흔히 1934년 통신법이라고 부른다. 이 법은 높은 품질의 전기 통신 서비스를 적정한 가격으로 전국 어디에서나 보편적으로 이용할 수 있게 할 목적으로 제정되었다. 이 법에 따라 미국 연방 통신 위원회(FCC)라는 새로운 규제 기관이 설치되어, 그때까지 분산되어 있던 주간(interstate), 국제간 유선/무선 통신과 방송에 관한 모든 연방 정부의 규제가 이 위원회로 이관되었다. 이 법은 공정하고 합리적이며 부당한 차별이 없는 전기 통신 서비스와 가격에 대한 규제를 규정하고 있다."
"1962년 미국 통신 위성법, -年美國通信衛星法, Communications Act of 1962",,"미국의 위성 통신에 관한 기본법. ‘1934년 통신법’에 대한 특별법으로 1962년 8월 31일 제정되었다. 이 법은 정책 선언과 정의, 연방에 의한 조정/기획 및 규제, 콤샛(COMSAT)의 설립, 잡칙, 국제 해사 위성 통신으로 구성되어 있다. 이 법률의 제 1장에 따르면 미국의 국제 통신 위성 정책은 미국 및 다른 국가의 통신 수요를 충족시키고, 세계 평화와 이해에 공헌하는 고성능의 세계 통신망의 일부를 만드는 상업 통신 위성 시스템을 관계 외국과 협력하여 가능한 한 빨리 설립하며, 미국은 적절한 정부 규제에 복종하는 단일 사기업에 의해 이 시스템에 참가할 것이다. 또 동법의 규정이 적합하다면 이 통신 위성 시스템을 국내 통신 서비스에 이용하는 것도 인정해야 할 것이다. 제2장에서는 통신 위성 시스템의 설립과 운영에 관한 대통령, 미국 국립 항공 우주국(NASA) 및 미국 연방 통신 위원회(FCC)의 책무를 명확히 하고 있다. 제3장에서는 앞의 제2장에 언급된 정책 등을 위임받아 COMSAT 설립에 관한 규정을 설정해서 동사의 설립 과정, 임직원, 재무, 목적과 권능 등에 대하여 상세히 정하고 있다. 특히 주목되는 것은 제4장 잡칙 다음에, 1978년 개정에 따라 국제 해사 위성 시스템에 관련된 제5장이 추가되어 COMSAT이 인마샛(INMARSAT)에 대한 미국 지정 사업체로 되어 있는 것이다."
"1984년 AT&T 기업 분할, -年-企業分割, The 1984 Divestiture of AT&T",,"미국 AT&amp;T사의 독점적 통신 사업 운영 체제의 해체를 명령한 법원의 판결에 따라 1984년에 이루어진 기업 분할. 미국 최대의 통신 사업체인 AT&amp;T사는 장거리 통신 사업 본부와 전국의 22개 벨 전화 회사(Bell Telephone Co.)를 소유하고 전국의 장거리 통신과 대부분 지역에서 시내 전화 사업을 수십 년 동안 독점적으로 벨 시스템(Bell System)이라는 일원적 체제로 운영해 왔다. 그런데 최종 수정 판결(MFJ)이라는 이름으로 잘 알려진 워싱턴 지방 법원의 판결, 즉 AT&amp;T사의 반독점법 위반 행위에 대한 법무부와 AT&amp;T사 간의 소송 사건에 대한 1982년의 판결에 따라, 1984년 1월 AT&amp;T는 8개의 독립 회사로 분할되었다. 즉 장거리 통신 사업을 운영하는 AT&amp;T사와 7개의 RBOC로 분할되었다. 분리된 AT&amp;T사는 IXC(Inter Exchange Carrier)라는 장거리 통신 사업자로서 다른 IXC와 경쟁하여 장거리 통신 사업을 운영하는 회사이며, 7개의 신설 RBOC는 종전의 벨 전화 회사를 지역별로 몇 개씩 분할 소유하는 지역 지주 회사(RHC)이다. 각 RBOC 산하의 벨 전화 회사는 LEC라는 지역 전화 사업자로서 특정 지역 내에서의 시내 전화와 시외 전화 서비스를 독점적으로 제공하게 되었다. AT&amp;T사의 분할은 미국에서뿐만 아니라 전 세계 각국에서 전기 통신 사업의 독점적/일원적 운영 체제를 해체하고 장거리 통신 사업을 자유화하는 등 전기 통신 사업의 구조 조정, 자유화 및 경쟁 도입을 촉진하는 계기가 되었다."
"1996년 통신법, -年通信法, The Telecommunications Act of 1996",,"1996년에 개정된 미국의 연방 통신법. 1934년에 제정된 통신법의 개정 법률안이 1996년에 의회를 통과하여 발효되었기 때문에 흔히 1996년 통신법이라고 부른다. 최초의 제정 이래 62년 만의 개정으로 많은 개혁적 내용이 포함되어 있어서 1996년 통신 개혁법이라고도 한다. 주요 개정 내용은 ㉠시내 전화 시장에의 경쟁 도입, ㉡보편적 서비스(universal service)를 위한 자금 갹출과 대상 사업자의 인정, ㉢RBOC의 신규 참입 사업 분야의 조건, ㉣종합 유선 방송(CATV) 사업의 요금 규제 완화, ㉤방송 사업자의 소유 상한 규제 완화, ㉥외설/폭력 프로그램의 규제 등이다. 1996년 개정 통신법은 최근 수년 간의 통신/방송의 융합 등 멀티미디어화(다매체화)와 사업 분야를 초월한 합종 연횡의 움직임을 추인하는 것으로서 경쟁 정책과 규제 철폐의 방향을 제시하고 있다. 이 개정법의 구체적인 시행 규칙은 미국 연방 통신 위원회(FCC)가 동년 8월에 제시하였다."
"1996년 통신 품위법, -年通信品位法, The Communications Decency Act of 1996, CDA",,"1996년에 개정된 미국의 연방 통신법 중에서 외설/폭력 프로그램의 규제에 관한 부분을 가리키는 명칭. 텔레비전 방송뿐만 아니라 인터넷 등의 컴퓨터 통신망에서의 저속한 외설 정보나 폭력 정보의 송신 금지와 사업자의 형벌 조항이 포함되어 있어서, 특히 인터넷 관계자들의 반발을 초래하였다. 전자 개척자 재단(EFF: Electronic Frontier Foundation) 등 컴퓨터 통신망에서의 표현의 자유를 옹호하는 단체가 반대 운동을 전개하고 필라델피아 연방 지방 법원에는 이 통신 품위법이 헌법에 보장되어 있는 표현의 자유를 침해한다는 소송이 제기되었다. 1996년 6월에는 외설 정보의 규제 조항의 보류를 인정하는 결정이 내려졌으나, 미국 정부는 연방 최고 재판소에 상고하였다."
"1 레벨 주소, 一-住所, one level address",동의어 : 1 단계 번지,절대 주소(absolute address)와 같은 뜻. 명령이나 데이터의 위치를 나타내는 방식에는 그 위치를 간접적으로 표시하는 것과 직접 표시하는 것이 있다. 1레벨 주소에서는 표시된 주소가 직접 데이터나 명령의 위치를 표시하고 있다.
"1세대 컴퓨터, 一世代-, first generation computer",,"진공관이 컴퓨터 구성의 주요 전자 소자였던 시기의 컴퓨터. 1세대 컴퓨터는 1946~1959년에 주로 제작되었으며, 2세대 컴퓨터는 1959~1964년에 제작된 컴퓨터를 말한다. 트랜지스터를 사용한 것이 특징이다. 3세대 컴퓨터는 1964~1971년에 제작된 컴퓨터를 말하며, 집적 회로 등의 사용으로 극소 회로화 또는 축소화한 점이 그 특징이다."
"1인 지식 기업, 一人知識企業",,"통신업, 금융ㆍ보험업, 사업 서비스업, 교육 서비스업, 보건ㆍ사회 복지업, 오락ㆍ문화ㆍ운동 관련 서비스업에서 활동하는 프리랜서, 개인 사업자, 주식 및 유한 회사 형태의 법인으로 대표자를 포함한 종사자가 1인인 기업. 중소기업청이 고학력자의 실업 문제를 해결하고 새로운 일자리 창출을 위해 정부는 창업 자금 지원, 세금 감면, 사업 관련 각종 정보 제공 등 다양한 방법으로 지원한다."
"1인치 헬리컬 녹화기, -錄畵機, one inch helical VTR",,폭이 1인치(2.54 cm)인 비디오 테이프를 사용하는 헬리컬 주사 방식의 비디오 테이프 녹화기(VTR). 한 필드의 영상을 한 트랙에 기록하는 비(非) 세그먼트 방식과 여러 개의 트랙에 분할하여 기록하는 세그먼트 방식 등이 있다. 또 테이프를 원통(drum)에 α형으로 감는 방식과 Ω형으로 감는 방식이 있다. 현재 방송용 1인치 녹화기는 C타입 Ω감기 방식을 사용한다.
"1종 단말 장치, 一種端末裝置, Terminal Equipment Type 1, TE 1",,"종합 정보 통신망(ISDN)에서 사용하는 가입자 단말 장치 중 표준 ISDN 인터페이스를 지원하는 장치. 직접 망 종단(NT) 장치에 접속될 수 있는 것을 말한다. 디지털 전화기, 데이터 단말, 디지털 팩스 장치 등이 이에 속한다."
"1종 망 종단 장치, 一種網終端裝置, Network Terminal Type 1, NT 1",,"종합 정보 통신망(ISDN)에서 가입자 구내의 경계에서 물리적/전기적으로 망을 종단하는 기능, 즉 OSI 기본 참조 모델의 물리 계층(제1계층)에 속하는 기능을 수행하는 장치. ISDN 제공자(사업자)에 의해 제어될 수 있으며 가입자의 구내 설비와 망의 경계를 이룬다. 또한 복수의 가입자 장치를 버스형으로 접속할 수 있는 물리적 커넥터 인터페이스를 제공하며, 가입자 회선의 유지, 보수 및 성능 감시 기능을 수행하고 가입자 회선의 복수 채널(예: 2B＋D)의 비트 스트림의 동기화 및 시분할 다중화 기능을 수행한다."
"1주소 명령어, 一住所命令語, one-address instruction",동의어 : 1 번지 명령,주소를 하나만 포함하고 있는 있는 명령. 1주소 명령의 기본적인 명령 형식은 그림에서 보는 바와 같이 하나의 연산 부호와 하나의 주소로 구성된다. 1주소 명령에서는 일반적으로 레지스터와 레지스터 간 및 기억 장치와 연산 레지스터 간에 연산이 이루어진다. 간접 주소의 지정은 그 명령의 주소가 연산 대상의 기억 장소가 아니라 연산 대상의 주소를 기억하고 있는 장소를 표시하는 데 사용된다. 
"1차군, 一次群, primary group",,"다중화 계위의 최하위 단계. 다수의 개별적인 신호들을 하나의 채널이나 선로를 통해 동시에 전송할 수 있도록 하는 것이 다중화인데 전화 채널과 같은 많은 채널 집합의 다중화는 단계적으로 이루어진다. 즉 기본 신호들이 먼저 하나의 1차군으로 다중화되고 다음에 1차군의 집합이 하나의 군으로 다중화된다. 음성 채널의 주파수 분할 다중화(FDM)에서의 1차군은 기초군(base group)이라고 하는데, 이것은 12채널로 구성되며 주파수 대역폭은 4kHz×12=48kHz이다. 시분할 다중화(TDM) 방식의 펄스 부호 변조(PCM) 채널의 1차군은 24개 음성 채널(미국, 일본) 또는 30개 음성 채널(유럽, 한국)로 구성되며 전송 용량은 각각 1.544Mpbs와 2.048Mbps이다."
"1차군 속도 인터페이스, 一次群速度-, Primary Rate Interface, PRI",,"종합 정보 통신망(ISDN)에서 대용량 업무용 가입자인 1차군 접속 가입자를 위한 사용자-망 인터페이스(UNI). 1차군 접속 가입자는 디지털 사설 자동 구내 교환기(PABX)나 근거리 통신망(LAN) 등의 설비를 가지고 있는 대용량 업무용 가입자이다. 미국과 일본의 경우 23개의 베어러(B) 채널(64kbps)과 1개의 데이터(D) 채널(64kbps)로 구성된 23B+D의 1차군 전송 구조로 1.544Mbps의 용량의 가입자 회선(T1급)을 제공한다. 유럽과 우리나라는 30개의 B 채널(64kbps)과 1개의 D 채널(64kbps)로 구성된 30B+D의 1차군 접속 구조로 2.048Mbps의 용량의 가입자 회선(E1급)을 제공한다. 인터페이스의 물리적/전기적/논리적 규격은 국제 표준화 기관인 ITU-T의 I.400 계열의 권고에 규정되어 있다. 전화기, PC, 워크스테이션, 팩스 등 복수의 가입자 단말 장치는 PABX나 LAN을 공유하며, PABX나 LAN은 망 종단(NT) 장치를 경유하여 망 제공자의 교환국에 접속한다."
"1차군 접속, 一次群接續, primary access",,"디지털 전송체계의 1차군(1.544, 또는 2.048Mbps급) 채널에 해당하는 접속 서비스를 제공하는 것. 1차군 접속은 디지털 사설 자동 구내 교환기(PABX) 등의 설비를 갖고 있는 대용량 업무용 가입자용으로 제공된다. 1차군 접속의 전송 구조는 각국에서 사용하는 디지털 전송로 규격에 따라 다르다. 종합 정보 통신망(ISDN) 서비스의 경우 미국이나 일본 등에서는 23개의 B채널(64kbps)과 1개의 D채널(64kbps)로 구성되는 23B＋D의 구조로 1.544Mbps의 전송 용량, 유럽과 한국 등에서는 30개의 B채널(64kbps)과 1개의 D채널(64kbps)로 구성되는 30B＋D의 구조로 2.048Mbps의 전송 용량을 제공한다. 1차군 접속은 B채널의 수를 조정하여 nB＋D 구조로 제공될 수도 있고, 3개의 H0 채널(384kbps)과 1개의 D채널(64kbps)로 구성되는 3H0+D 구조로 1.544Mbps의 용량을 제공하거나, 5H0＋D의 구조로 2.048Mbps 용량을 제공하는 등 다양하다."
"1차 논리, 一次論理, first order logic",,"명제 논리를 확장한 것. 원자/항/속성/정량자로 구성되며, 수학적인 언어들이 1차 논리로 기호화될 수 있다."
"1차 레이더, 一次-, primary radar",,목표물을 향해 발사한 전파의 반사파를 수신하여 목표물의 위치를 측정하는 레이더. 보통 레이더라고 할 경우에는 1차 레이더를 말한다. 이와 구별하여 2차 레이더(secondary radar)에서는 특정 신호를 목표물에 보내고 목표물에서의 응답으로 보내오는 송신 신호를 수신하여 분석한다.
"1차 복사기, 一次輻射器, primary horn",,"송수신기로부터 도파관, 동축 케이블 등으로 급전된 전기 신호를 반사경이 있는 쪽으로 향하게 하여 효율적으로 복사하게 하거나, 역으로 반사경으로부터 반사되어 수신된 전자파를 효율적으로 포착하여 급전 회로에 인도하는 반사 안테나의 나팔형(horn) 복사기."
"1차 분배 회선, 一次分配回線, primary distribution link",,프로그램 제작 센터로부터 방송 송신 센터(송신소 포함) 또는 유선 분배망의 헤드엔드까지의 분배망.
"1차 시험대, 一次試驗臺, primary test board",,시외 전화 회로의 시험을 위하여 전화국에서 시외선을 보안 장치를 거쳐 직접 수용하는 시험대.
"1차 업무, 一次業務, primary service",,"주파수 분배표에서 동일 주파수대에서 경합하는 둘 이상의 무선 통신 업무에 대한 주파수 사용 및 할당 우선 순위는 1차 업무, 허용 업무, 2차 업무이다. 1차 업무는 주파수 사용상 허용 업무와 동등한 권리를 갖지만 주파수 할당에서는 허용 업무에 우선한다. 국제 전기 통신 협약 부속 전파 규칙(RR)의 주파수 분배표에서 대문자로 명칭이 표시된(예:FIXED 고정) 무선 통신 업무는 1차 업무이다."
"1차원 망, 一次元網, one-dimensional network",,원칙적으로 2개의 링크(출입)만을 갖는 교환국이 서로 결합되어 구성된 회선망 형태. 이것에는 직선형 망과 직선형 망 1군의 양단을 결합하여 환형으로 한 고리 모양 망 등이 있다. 다단 중계에 따라 전송 회선을 공동으로 이용할 수 있으므로 통화량 처리 능률이 향상되고 제어가 간단해지며 확장이 용이하다.
"1차원 부호화 방식, 一次元符號化方式, one-dimensional coding scheme",,"일반적으로 팩스 신호는 한 선마다 주사되어 백 또는 흑의 화소로 분할되는데, 이 디지털 팩스 신호에 포함되는 불필요한 것들을 억압하기 위해 부호화하려는 선의 정보만을 사용하여 부호화하는 방식."
"1차 이론, 一次理論, first order theory",,"1차 논리에서의 기호, 상수, 변수, 항, 술어의 정의와 우량 형식에 관한 공리, 추론 규칙으로 표현하는 이론. 1차 논리란 술어 기호 내에 또 다른 술어 기호가 나타나지 않는 논리를 의미한다."
"1차 저장 장치, 一次貯藏裝置, primary storage",,마이크로프로세서가 직접 접근하는 주된 저장 장치로 RAM을 말함. 옵션으로 사용하는 디스크나 테이프는 2차 저장 장치 혹은 예비 저장 장치라 부른다.
"1차 정수, 一次定數, primary constant",,"분포 정수 회로에서 단위 길이당의 저항, 인덕턴스, 컨덕턴스, 정전 용량. 통상 R, L, G, C로 나타낸다."
"1차 주파수 표준, 一次周波數標準, primary frequency standard",,"초(second)의 정의에 상응하는 주파수 표준. 매우 정확하며 외부 장치의 교정 없이 자체 내장된 원자 발진기를 사용한다. 반면, 2차 주파수 표준은 외부의 교정을 필요로 한다. 1967년 제13차 국제 도량형 총회에서는 초에 대하여 ‘세슘 원자 133의 기저 상태에서 2개의 미세 레벨들 간의 전이에 상응하는 9,192,631,770 주기의 지속 시간’이라고 정의하였다."
"1차 클록, 一次-, primary clock",,외부로부터 교정을 받지 않고 자체적으로 운용되는 시간 표준.
"1차 피복, 一次被覆, primary coating",,광섬유를 선으로 뽑아낸 직후에 플라스틱과 같은 것으로 피복하는 것. 광섬유의 표면이 외계의 물체와 직접 접속하여 경미한 상처가 생기는 것을 방지한다. 이것으로 광섬유의 파단 강도(破斷强度)를 크게 하는 효과가 있다.
"1파 단신 방식, 一波單信方式, one-frequency simplex operation",,하나의 주파수를 대향하는 무선국에서 서로 이용하여 송수신하는 방식.
"1프레임 기억 장치, 一-記憶裝置, one frame memory",,"정지화 통신, 정지화 방송, 프레임 동기, 잡음 경감기 프레임 간 부호화 장치 등에 사용되는 텔레비전 화면 한 장 분에 상당하는 화상 신호를 축적하는 기억 장치. 기록 매체로서는 자기 디스크, 촬상 축적관, 전하 결합 소자(CCD) 메모리, 포토크로믹(photochromic)이나 비결정성(amorphous) 반도체 등을 사용한 홀로그래픽 기억 장치 등이 검토되고 있으나, 현재는 N채널 모스 램(RAM)을 사용한 직접 회로 메모리가 중심이 되어 있다."
"1회 프로그램 가능 읽기용 기억 장치, 一回-可能-用記憶裝置, One Time Programmable Read Only Memory, OTPROM, One Time PROM",동의어 : 1회 피롬,"프로그램 가능 읽기용 기억 장치(PROM, 피롬)의 한 가지. 내장된 반도체 칩은 소거 및 프로그램 가능 읽기용 기억 장치(EPROM, 이피롬)와 같으나 패키지에 소거용 창(窓)이 없기 때문에 자외선 조사에 의한 소거를 할 수 없다. 이용자는 보통의 EPROM 프로그램을 써서 1회만 정보를 기록한다. 1회 프로그램 가능 읽기 전용 기억 장치(OTPROM)는 마스크 롬(mask ROM)보다는 가격이 비싸고 EPROM보다는 저렴하다. 그것은 표준 플라스틱 패키지를 사용하기 때문이다. 한 번밖에 기록하지 않는 용도에는 EPROM을 사용하지 않고 OTPROM을 사용한다. 그러나 실제에서는 EPROM도 대부분 1회만 기록 용도에 사용한다."
"2+1 주소 지정 명령어, 二-一住所指定命令語, two plus one address instruction",동의어 : 2+1 번지 지정 명령어,2개의 피연산자 주소와 하나의 제어 주소를 포함하는 지시 형식.
"2, 3, 4 주소 지정 명령어, 二三四住所指定命令語, two-three or four-address instruction","동의어 : 2,3,4 번지 지정 명령어","각각 2개, 3개, 4개의 원소로 된 주소와 연산으로 이루어진 명령어. 이 주소는 피연산자의 위치, 결과 또는 다른 명령어를 지정할 수 있다."
"2.5세대 이동 통신, 二點五世代移動通信, 2.5 Generation mobile, 2.5G mobile",,"2세대 이동 통신(2G) 전화 방식을 개량하여 서비스를 3세대 이동 통신(3G)에 가깝게 고도화시킨 방식. 2G 인프라를 그대로 이용하여 3G에 가까운 통신 서비스를 제공하는 방식이다. 특히 디지털 데이터의 전달 속도가 빠르고, 새로운 서비스를 쉽게 공급하며, 3G로의 이행이 쉬운 특징을 갖는 과도기적인 기술 발전 과정을 뜻한다. 동기식인 북미 방식에는 cdmaOne(IS-95B)을 개량한 cdma2000 1x(IS-95C), 비동기 방식인 유럽 방식은 GSM을 개량한 GPRS, EDGE 등이 2.5G에 해당된다."
"2090 바이러스, 2090 Virus",,"Win32/AimBot.worm.15872, Virus.Win32.PureMorph!IK, Win32:PureMorph, Trojan/W32.Agent.15872.AY, V.WOM.Aimbot.CC, Trojan/Win32.Crypt.15872.B 등으로 명명된 컴퓨터 바이러스. 시스템의 날짜를 2090년으로 바꾸는 주요 증상 때문에 ‘2090 바이러스’로 알려졌다. 이 바이러스는 마이크로소프트(MS)사 윈도의 자동 실행(Autorun) 취약점을 이용해 외장 저장 장치 등을 통해 전염되는 웜 바이러스이다."
"22.2 채널 음향, -音響, 22.2 Channel Audio",,"슈퍼하이비전(SHV)에서 채택하고 있는 서라운드 오디오 시스템. 청취자를 중심으로 위쪽 9개, 중간 10개, 아래쪽 5개(서브우퍼 2개 포함), 합계 24개 스피커로 원음에 가까운 서라운드 음향을 제공한다. 그림은 22.2 채널 음향 시스템의 스피커 배치도다. "
"2-205 규칙, -規則, 2-205 rule",,100Base-T 혹은 고속 이더넷망에서 사용하는 규칙. 망에서 케이블로 연결된 두 허브의 최대 거리는 205m를 초과할 수 없다는 규칙이다.
"240㎐ 영상 구현 기술, -映像具現技術, 240㎐ Video Embodiment Technology",,초당 240장의 영상을 구현하는 기술. LCD의 단점인 잔상을 개선하기 위한 기술로 게임이나 스포츠중계 등 역동적 영상에서도 화면 끌림 없이 선명한 화질을 구현한다. 주로 풀HD LCD패널에 적용하고 있다.
"2단계 기억 장치, 二段階記憶裝置, two-level storage",,"한 사용자의 가상 주소 공간이 실주소 공간보다 커지는 것을 허용하고, 한 시스템을 효과적으로 다중 프로그램하여 여러 사용자가 실기억 장치를 공유할 수 있도록 하는 기억 장치. 첫 번째 단계는 프로세스가 수행되고 참조할 수 있도록 데이터를 저장하는 실기억 장치로 구성되며, 두 번째 단계는 제한된 실기억 장치에 전부 다 들어갈 수 없는 프로그램과 데이터를 저장할 수 있는 디스크와 드럼같이 큰 용량의 기억 장치들로 구성된다. 이때 두 번째 단계의 기억 장치를 일반적으로 보조 기억 장치 또는 예비 기억 장치라고 한다."
"2단계 도메인, 二段階-, Second-Level Domain, SLD",,"인터넷 주소에서 특정 관리 주체를 나타내는 URL(uniform resource locator)의 일부분. 예를 들어, ‘abc.com’에서 abc를 2단계 도메인(SLD), com을 최상위 도메인(TLD)이라 하고, abc.com을 2단계 도메인 이름이라 하여 인터넷 주소로 사용한다. SLD는 다른 차원의 서브 도메인으로 분류될 수도 있는데, 이 경우 다른 부서의 컴퓨터 서버를 지칭하는 것이다."
"2단계 디렉터리, 二段階-, two-level directory",,"각 사용자는 자신의 사용자 파일 디렉터리(UFD)를 갖고, 각 사용자 디렉터리는 선형, 2진, 해시 등과 같이 비슷한 구조를 가지면서 오직 한 사용자 파일만 기술한다. 한 사용자 업무를 시작하거나 사용자를 받아들이려고 할 때 시스템의 주 파일 디렉터리(MFD)를 탐색한다. MFD에는 사용자의 이름이 색인되어 있고, 각 항목은 한 사람의 사용자에 대한 사용자 디렉터리를 가리킨다."
"2단계 문법, 二段階文法, two-phase grammar, two-level grammar",,파라미터를 포함한 문맥 자유 문법(context-free grammar)과 그 파라미터부에 대입되는 문자열의 집합을 뜻매김하는 문맥 자유 문법으로 구성되는 문법. 프로그램의 의미론(semantics)을 간결하게 뜻매김할 수 있는 것을 특징으로 한다.
"2단계 커미트, 二段階-, two-phase commit, 2PC",,복수의 컴퓨터에 분산 배치되어 있는 데이터베이스를 갱신할 때 커미트 처리(commit processing)를 갱신 준비 단계와 갱신 단계의 2단계로 나누어 제어하는 것. ①1단계: 응용 프로그램은 데이터베이스의 갱신 처리 마지막 단계에서 ‘커미트’라는 명령을 내린다. 커미트 명령을 접수한 마스터 컴퓨터는 갱신 대상의 모든 서버에 대해서 ‘커미트 준비’라는 지시를 보낸다. 각 서버는 실제로 데이터를 갱신할 준비가 되어 있으면 ‘준비 완료’라고 응답한다. ②2단계: 마스터의 컴퓨터는 모든 서버로부터 ‘준비 완료’의 응답을 받으면 각 서버에 ‘커미트 처리’를 지시한다. 이 지시를 받은 각 서버는 실제로 자기 디스크(magnetic disk)의 데이터를 갱신한다. 어느 한 대의 서버에서도 처리에 이상이 있으면 마스터 컴퓨터는 모든 서버에 후퇴 회복(rollback) 처리를 명령한다. 이것으로 처리 중이던 데이터 갱신을 모두 무효화된다. 대부분의 관계형 데이터베이스 관리 시스템(RDBMS)은 2단계 커미트 기능을 가지고 있다.
"2단 동작 계전기, 二段動作繼電器, two-step relay",,여러 개의 접점이 있어 그 가운데 가까운 몇 개의 접점이 먼저 동작하여 이 접점에 의해 공급된 전원으로 나머지의 접점이 동작하게 되는 2단 동작 구조의 계전기.
"2 단자망, 二端子網, two-terminal network",,2개의 접속 단자를 가진 회로망. 보통 전원을 포함하지 않는 수동 회로망을 말하기도 한다. 임피던스나 어드미턴스는 2단자망의 일종으로서 4단자망의 성질을 생각할 때의 기본이 되는 것이다. 2단자망에서 인덕턴스로 되어 있는 것은 리액턴스 2단자망이라고 한다.
"2독립 측파대, 二獨立側波帶, two independent sidebands",,1개 반송파의 상하 두 측파대 방식을 서로 다른 2개 통화로의 각 신호파에 할당하는 독립 측파대 방식에서 얻게 되는 독립된 상하 각 측파대.
"2바이트 문자, -文字, double-byte character",,"2바이트로 구성된 전각(全角) 문자. 텍스트 표시 모드에서는 반각(半角) 문자의 가로의 2배 크기로 표시된다. 우리나라 외 중국, 대만, 일본 등 2바이트 문자권을 위한 CJK(Chinese, Japan, Korean) 통합 한자가 정해져 있다. 또한 국제 표준화 기구(ISO)는 UCS-2(Universal Multiple-Octet Coded Character-2) 2바이트 문자 코드를 정하고 있다. → 유니 코드"
"2바이트 정수형, 二-整數型, two-byte integer type",,"정수값을 정확히 표현한 것으로, 그 절댓값이 32,767을 초과하지 않는 값을 취하고, 2바이트의 기억 영역을 차지하는 데이터형."
"2배 속도 클록, 二倍速度-, clock doubling",,"입출력 장치에 대한 클록 속도를 유지하면서, 중앙 처리 장치(CPU) 내의 데이터 및 명령 처리 속도를 배수로 증가시키는 기술. 'CPU 클록 = 외부 클록 * 배수'를 말하며 오버클록킹(overclocking)은 외부 클록을 높이는 것을 말한다. 이 기술은 1992년에 발표된 인텔사의 i486 DX2가 최초로, 시스템의 클록 주파수와 처리 속도는 33MHz이지만 CPU 내부의 수행 속도는 2배인 66MHz로 동작된다. CPU의 처리 속도가 2배가 되어도 주기억 장치인 램(RAM)이나 주변 장치와 데이터를 주고받는 속도는 그대로이기 때문에 컴퓨터 전체의 처리 속도가 2배로 되는 것은 아니다. 1993년에 발표한 i486 DX4의 내부 처리 속도는 3배가한 100MHz로 동작된다."
"2배속 동기식 동적 램, 二倍速同期式動的-, Double Data Rate Synchronous Dynamic Random Access Memory, DDR SDRAM",동의어 : 2배속 에스디램,"2배속(DDR: Double Data Rate) 모드라고 하는 고속의 데이터 전송 기능을 가진 동기식 동적 램(SDRAM: Synchronous DRAM). 기존의 SDR SDRAM(Single Data Rate SDRAM)은 클락 사이클의 상승단(rising edge) 또는 하강단(falling edge)에서 명령어 또는 데이터를 한 번만 주고받은 반면, 2배속(DDR) SDRAM은 클락 사이클의 상승단(rising edge)과 하강단(falling edge) 모두에서 명령어 또는 데이터를 주고받아 2배의 전송 속도를 실현한다. 2배속(DDR) SDRAM은 클락 주파수에 따라 333 MHz 상당의 DDR333, 400 MHz 상당의 DDR400 등이 있다. DDR은 2비트의 데이터를 한번에 액세스할 수 있는 내부 구조를 갖고 있다. 이를 개선한 DDR2와 DDR3는 각각 4 비트와 8 비트의 데이터를 동시에 액세스할 수 있게 하여 더욱 넓은 메모리 대역폭을 제공한다."
"2분 탐색 나무형, 二分探索-形, binary search tree",동의어 : 이진 찾기나무꼴,"프로그래밍에서 나무형 데이터 구조의 하나로, 최상의 노드에서 잎(leaf: 종단) 방향으로 탐색할 때 각 노드에서 나와 있는 가지(branch)가 많아야 좌우로 하나씩 2개뿐인 구조. 이 구조는 정보를 분류하는 데 자주 사용된다. 종단이 아닌 임의의 노드에 저장되는 데이터 요소의 값이 그 노드의 좌측 가지에 저장되는 어떤 데이터 요소의 값보다 크고, 우측 가지에 저장되는 어떤 데이터 요소의 값보다 작게 되도록 저장되어 있는 2분 나무형(binary tree) 데이터 구조이다."
"2비트 바이트, 二-, doublet",,"2개의 2진 문자로 된 바이트. 동일한 어원에서 분할된 2개의 낱말(word), 즉 이중어이다."
"2선식 반송 방식, 二線式搬送方式, two-wire carrier system",,"전송 시스템에서 1쌍의 나선 또는 케이블 심선을 사용하는 반송 방식. 다음 3가지 방식이 있다. ㉠양방향 동일 주파수 대역을 사용하는 양측파대(double sideband) 방식. ㉡상하 측파대를 방향별로 사용하는 단측파대(single sideband) 방식. ㉢전송 대역을 방향별로 고저 양측파대의 2다중군으로 나누는 방식. ㉠, ㉡ 방식은 나선에 적용되며, 각기 가입자선 반송 방식(SC: Subscriber Carrier system), 나선 반송 방식(OP: open wire carrier system)이 있다. ㉢방식은 특히 그룹별 2선식 반송 방식 또는 단거리 반송 방식이라 하며 주로 케이블 심선에 적용된다."
"2선식 중계기, 二線式中繼器, two-wire repeater",,"2선식 회선에 삽입하여 양방향의 신호를 동시에 증폭하기 위한 중계기. 여기에는 3권 변성기(hybrid) 코일 또는 필터를 사용하여 상승 신호와 하강 신호를 분리한 다음 2개의 증폭기로 따로따로 증폭하는 형태의 것과, 음성(陰性) 임피던스를 이용하여 상승 및 하강 신호를 동시에 증폭하는 것이 있다. 최근에는 후자가 많이 사용된다."
"2선식 회선, 二線式回線, two-wire circuit",,"실선 2가닥을 전송로로 사용하여 동시에 송수신이 가능하도록 한 통신 방식. 음성 회선의 2선식, 반송 회선의 2선식이 있다."
"2세대 위성 디지털 비디오 방송, 二世代衛星-放送, second generation DVB System for satellite broadcasting and unicasting, DVB-S2",,"디지털 비디오 방송(DVB) 프로젝트 그룹에서 위성 방송 규격인 DVB-S의 성능을 개선하여 제정한 2세대 디지털 위성 방송 규격. DVB-S와 호환을 유지하며 MPEG-2 및 H.264(MPEG-4 Part 10/AVC) 압축 방식과 호환되고, 전송 모드는 VCM(Variable Coding &amp; Modulation)과 ACM(Adaptive Coding &amp; Modulation)을 추가하며, 변조 방식도 QPSK에서 8PSK, 16APSK, 32APSK를 추가했고, 롤오프율은 0.35에서 0.25와 0.2를 추가하고, 순방향 오류 정정(FEC)은 효율이 좋은 저밀도 패리티 체크 코드(LDPC) 및 BCH 부호를 채택하여 성능을 대폭 개선했다. 이러한 성능 개선으로 위성 방송에서도 HDTV와 양방향 방송 서비스를 본격화 하였다."
"2세대 전자 상품 코드, 二世代電子商品-, Electronic Product Code Generation 2, EPC Gen2",,RFID 분야의 민간표준기구인 EPC글로벌이 ISO에 제안한 태그 방식. ISO/IEC 18000-6(UHF 대역 RFID 무선 인터페이스 통신)의 국제 표준으로 채택되었다.
"2소자 계전기, 二素子繼電器, two-element relay",,"2원적으로 동작하는 계전기. 예를 들면, 국부 코일과 궤도 코일이 있을 경우 국부 코일로 인해 생긴 자속으로 날개 또는 원판에 와전류를 일으키고, 여기에 궤도 코일 전류로 인해 생긴 자속이 작용하여 토크를 발생시키는 계전기이다."
"2신호 특성, 二信號特性, two-signal character",,"수신기의 혼신에 대한 선택도를 표시할 때, 원하는 신호와 방해 신호를 동시에 수신기에 가한 다음 일정한 방해가 일어날 경우의 양 신호의 주파수 차와 그 신호의 입력 전압 차로 표시되는 특성."
"2원 대칭 통신로, 二元對稱通信路, Binary Symmetric Channel, BSC",,①0과 1이 전송되는 도중에 0이 1로 착오되는 확률과 1이 0으로 착오되는 확률이 똑같은 통신로. ②2원 부호를 전송하는 통신로로서 그림과 같이 그 입출력 관계를 나타내는 확률이 대칭인 것. 대칭 2원 통신로라고도 한다.
"2원 상태, 二元狀態, binary condition",,"선택 가능한, 반대되는 두 성질에 의해 특징 지어지는 상태. yes와 no, 참과 거짓, on과 off 등이 있다."
"2원 소실 통신로, 二元消失通信路, binary erasure channel",,2원 부호를 전송하는 통신로로서 그 입출력 관계가 그림과 같은 것. 여기서 출력 기호 e는 대응하는 입력 기호의 판정이 불가능한 것을 나타낸다.
"2위상 레벨, 二位相-, biphase level",동의어 : 바이페이즈 레벨,"펄스 부호 변조(PCM) 통신에 사용하는 부호 형식의 일종. 통상 PCM 신호는 같은 시간 길이의 부호열로 되어 0 또는 1을 나타내고 있다. 2위상 레벨은 그림에 나타낸 것과 같이 1개의 부호에 대한 시간을 전반과 후반으로 나누어 그 레벨을 볼 때, 0인 때는 전반이 낮은 레벨, 후반이 높은 레벨로 되어 있으며, 1인 때는 역으로 전반이 높은 레벨, 후반이 낮은 레벨로 되어 있다. 이를 split phase라고도 한다."
"2의 보수, 二-補數, two`s complement",동의어 : 2의 채움수,"2진수 n자리(n비트)에 대하여 2n을 기수로 하는 경우의 보수. 실용적으로는 1의 보수에 1을 더하여 얻게 된다. 예로서, 1010의 2의 보수를 구해 보면,컴퓨터에서 가산기를 사용하여 뺄셈을 하기 위해 음수의 표현으로 자주 사용된다."
"2제어점 방식, 二制御點方式, two-control point method",,"4,000km 이상 떨어진 두 지점 사이의 최고 사용 주파수를 구하는 경우에 양 지점을 연결하는 대권(大圈) 진로상에 양 지점으로부터 각기 2,000km 떨어진 점을 구한 다음, 양 지점 상공의 제어점의 최고 사용 주파수를 비교하여 낮은 쪽을 그 통신로의 최고 사용 주파수로 하는 방법."
"2종 단말 장치, 二種端末裝置, Terminal Equipment Type 2, TE 2",,종합 정보 통신망(ISDN)에서 사용하는 가입자 단말 장치 중 표준 ISDN 인터페이스를 지원하지 않는 장치. 즉 미국 EIA의 업계 표준인 RS-232나 ITU-T의 V계열 및 X계열의 인터페이스와 같은 비표준 ISDN 인터페이스를 가진 기존의 단말 장치를 말한다. 2종 단말 장치는 비표준 ISDN 인터페이스를 표준 ISDN 인터페이스로 변환하는 단말 적응 접속 기능군(TA)을 경유하여 망 종단(NT) 장치에 접속되어야 한다.
"2종 망 종단 장치, 二種網終端裝置, Network Termination Type 2, NT 2",,"종합 정보 통신망(ISDN)의 망 종단 장치의 일종으로, 교환 기능과 데이터 집중 기능을 수행할 수 있는 지능형 장치. OSI 기본 참조 모델의 물리 계층(제1계층)에부터 망 계층(제3계층)까지의 기능을 수행하는 장치를 말한다. 디지털 사설 자동 구내 교환기(PABX), 구내 정보 통신망(LAN), 단말 제어 장치, 집선기(concentrators) 등이 이에 속한다."
"2주소 명령어, 二住所命令語, two-address instruction",동의어 : 2번지 명령,"컴퓨터 기계어 명령(instruction) 속에 2개의 주소를 포함하고 있는 것. 2주소 명령에는 2가지의 명령 형식이 있다. 그 하나는 2개의 주소가 모두 연산 대상(operand)의 지정에 사용되는 방식으로, 2개의 주소로 지정하는 기억 장치의 내용을 연산 대상으로 하여 그 결과를 어느 한 쪽의 주소에 써넣어도 된다. 어느 쪽에 써넣는지는 컴퓨터에 따라 다르다. 기억 장치 간 연산(memory to memory operation)에서는 연산 결과를 다시 기억 장치에 써넣기 때문에 특별히 일정한 길이의 연산 레지스터를 필요로 하지 않으므로 가변어 길이의 연산이 가능하게 된다. 바이트 방식 또는 문자 방식의 컴퓨터에 많이 사용된다. 두 번째의 명령 형식은 주소의 하나를 연산 대상을 지정하는 데 사용하고, 또 하나의 주소는 다음 명령의 주소를 지정하는 데 사용한다. 이것은 1＋1 주소 명령(one-plus-one address instruction)이라고도 부르는데, 자기 드럼 등을 주기억 장치로 사용하던 시절에 접근 시간을 최소화할 목적으로 사용하였으나 현재는 거의 사용하지 않는다."
"2주파 방식, 二周波方式, two-frequency system",,"①단일 통신로의 통신에서 송신 주파수와 수신 주파수가 다른 것. 이 방식에 의한 통신 방식으로는 복신(複信) 방식과 반복신 방식이 있다. ②마이크로파에 의한 무선 중계에서 중계 구간마다 2개의 주파수를 교차하여 사용하는 중계 방식. 즉 어느 구간에 f₁의 주파수, 다음 구간에 f₂, 그 다음 구간은 다시 f₁ 주파수를 사용하는 중계 방법이다."
"2중 바이오스 주기판, 二重-主基板, dual BIOS motherboard",동의어 : 듀얼 바이오스 메인보드,"컴퓨터에 주 바이오스(BIOS)와 백업 바이오스(BIOS)의 2개 칩을 가지고 있는 컴퓨터 주기판(마더보드). 바이오스 업데이트 도중에 발생할 수 있는 문제를 해소하고, 바이러스로부터 바이오스를 보호하는 기능을 한다.&nbsp;"
"2중 처리기, 二重處理器, dual processor",,"한 컴퓨터 시스템 내에서 기능이 동시에 수행되는 2개의 중앙 처리 장치. 2개의 프로세서가 동일한 기억 장치를 공유하고 있으므로 프로그램이나 데이터를 소프트웨어적으로 두 칩을 나누어 사용하도록 하여 분리 처리로 처리 효율을 높이고, 한 쪽 프로세서에 장애가 생기면 다른 쪽 처리기로 처리되는 등 신뢰성이 높지만, 자원 경합 등에 대한 부담이 커진다."
"2진 계수기, 二進計數器, binary counter",,①2진법에 의해 수를 헤아리는 계수기. ②2개의 안정 상태 중에 어느 하나를 지정해서 그 상태가 될 때에만 수를 하나씩 증가시켜 가는 계수기.
"2진 관계, 二進關係, binary relation",,"①두 집합 A, B에 대한 2항 관계 R는 두 집합의 카테시안 곱(Cartesian product) A×B의 부분 집합이다. 즉 R⊆A×B, (a, b)∈R일 때 aRb로 표시한다. ②차수가 2인 관계. 여기서 차수는 관계 내의 속성 수를 말한다."
"2진 기수법, 二進基數法, binary numeration system",,숫자 0과 1을 사용하며 기수(radix)가 2인 고정 기수 기수법(fixed-radix numeration system). 이 기수법에서는 예를 들어 110.01이라는 수는 6.25를 나타내며 1×22＋1×21＋1×2-2로 표현된다.
"2진 논리, 二進論理, binary logic",,"2개의 상태만을 나타낼 수 있는 디지털 논리 요소. 2개의 상태는 0과 1, 참과 거짓, 고와 저, on과 off 등과 같이 여러 가지로 해석할 수 있다. 컴퓨터 내부에서는 전위차로 구별이 된다. 예를 들면, 고전압을 1로, 저전압을 0으로 표기하는 것을 정 논리라고 부른다."
"2진 덤프 프로그램, 二進-, binary dump program",,기억 장치나 파일의 내용을 부호 표현대로 표시하는 프로그램. 보통은 2진수가 아닌 16진수 등의 형으로 표시한다.
"2진 동기 적응기, 二進同期適應器, Binary Synchronous Adapter, BSA",동의어 : 이진 동기맞춤틀,통신 회선을 개입시켜 중앙 처리 장치(CPU)와 다른 계산기 시스템이나 단말 장치 사이에서 동기식의 데이터 전송을 할 때 데이터의 송수신을 제어하는 프로그램 제어 모드의 장치.
"2진 동기 통신, 二進同期通信, Binary Synchronous Communication, BSC",,"통신국 간의 2진 부호 데이터의 동기 전송을 하기 위해 정의된 문자의 집합과 제어 문자 순서를 사용하는 프로토콜. 1968년에 IBM사에서 발표한 문자 중심의 프로토콜에서 전송 부호는 확장 2진화 10진 부호(EBCDIC) 256자, 아스키(ASCII) 128자, 트랜잭션(TRANS) 부호 64자 등이 이용된다. 2진 동기 통신(BSC)에서 사용하는 제어 문자는 대체로 동기를 위한 것, 필드 구분을 위한 것, 폴링과 선택을 위한 것, 오류 발생 여부를 알리기 위한 것 등으로 구분될 수 있다."
"2진 디지털 회로, 二進-回路, binary digital circuit",,1과 0의 2개 값을 가지고 동작하는 회로. 실용적으로 사용되는 거의 대부분의 논리 회로가 이에 속한다.
"2진 변환, 二進變換, binary conversion",,"2진수에서 10진수로의 변환 또는 16진수에서 2진수로의 변환 등과 같이, 2진수에서 다른 수로 또는 다른 수에서 2진수로 수 표기법을 변환하는 것."
"2진 소수점, 二進小數點, binary point",,수의 2진법 표현에서 정수 부분과 소수 부분으로 나뉘는 분리점. 10진법의 소수점과 유사하다.
"2진 숫자, 二進數字, binary digit",,①2진 기수법에서 사용되는 숫자. 즉 0과 1을 말한다. ②비트(bit)와 같은 의미.
"2진 신호, 二進信號, binary signal",,"신호를 보내는 매체가 2가지 상태만 나타내는 정보 통신 신호. 2개의 상태는 0과 1, 참과 거짓, 고와 저, on과 off 등으로 해석할 수 있다."
"2진 연산, 二進演算, binary operation",,"불 대수의 규칙과 응용을 따르는 연산, 즉 피연산자와 결과가 모두 비트로 나타나는 연산."
"2진 요소, 二進要素, binary element",,데이터를 구성하는 요소가 0과 1 또는 ＋와 - 등과 같이 2가지 상태만을 가질 수 있는 것.
"2진 이미지, 二進-, binary image",,"2가지의 신호만으로 구성되는 이미지. 보통은 회색도가 흑과 백으로만 이루어진 이미지을 말하며, 각각을 0과 1에 대응시킬 수 있다."
"2진 전송, 二進傳送, binary transmission",,"로직 0 및 1로 된 2진 숫자나 비트열의 전송. 컴퓨터와 기타 데이터 단말기들 사이에 교환되는 정보는 단순히 전압의 on-off 패턴으로 이루어진 2진 또는 펄스 형태로 되어 있다. 따라서 전송 매체는 펄스형 신호를 이상적으로 취급할 수 있어야 한다. 그래서 디지털 신호 전용을 위한 망이 사용되고 있다. 아날로그 전화 회로는 제한된 양의 저속 통신에 적합하도록 설계된 것이지, 다량의 고속 디지털 데이터를 전송하기 위한 것이 아니다. 음성 채널 설비에 그런 데이터를 전송할 수 있게 하기 위하여 데이터 처리용 2진 언어를 음성 통신용 아날로그로 변환시켜야 한다."
"2진 전치 승수, 二進前置乘數, binary prefix multiplier",,"1998년 국제 전기 표준 회의(IEC)에서 표준으로 인정한 2의 승수를 표시하는 전치 문자. kibi(Ki, 2의 10승), mebi(Mi, 2의 20승), gibi(Gi, 2의 30승), tebi(Ti, 2의 40승), pebi(Pi, 2의 50승), exbi(Ei, 2의 60승) 등이 있다. 예를 들면, 1kibibyte(1KiB)는 1024byte이다."
"2진 정합성 표준, 二進整合性標準, Binary Compatibility Standard, BCS",,"같은 구조(architecture)의 중앙 처리 장치(CPU)를 탑재하고 있는 다른 제조업체의 기계 사이에 응용 프로그램의 2진 레벨 이식성을 확보하기 위한 규격. CPU 고유의 구조에 의존하는 부분도 있으므로 대상으로 하는 CPU마다 규격이 조금씩 다르다. 응용 프로그램 2진 인터페이스(ABI)와 같은 의미이지만 ABI는 유닉스 시스템 V Release 4 기반의 규격이고, 2진 정합성 표준(BCS)은 시스템 V Release 3.2 기반의 규격이다."
"2진 주소, 二進住所, binary address",동의어 : 2진 번지,"컴퓨터의 기억 장치 내에 할당하는 2진수로 된 주소. 디지털 컴퓨터는 처리 지령과 정보 처리를 부호화하여 실행하며, 기능, 정밀도, 속도, 용량 등에서 2원 요소를 조합한 부호로 2진수를 사용한다. 주요 기능인 기억 장치를 비롯한 각 기능은 부호에 따라 처리되고, 여러 가지 정보는 일단 기억 장소에 저장하는데, 기억 장치 내에 할당하는 주소 수치에 2진법을 사용한다. 10진수 주소 방식보다 주소 지정이나 해독기 회로가 간단하다."
"2진 지수 백오프, 二進指數-, binary exponential backoff",,반송파 감지 다중 접속/충돌 탐지(CSMA/CD) 방식의 구내 정보 통신망(LAN)에서 버스상의 충돌이 발생했을 때 전송을 다시 시도하기까지의 지연 시간을 계산하기 위한 연산 중의 하나. 충돌이 일어날 때마다 임의 지연 시간을 점차 늘려 나가는 방식이다.
"2진 체계, 二進體系, binary system",,0과 1의 2개 숫자를 기초로 하여 그 2개의 숫자만을 조합해서 사용하는 수 시스템. 전압이 있고 없음에 따라서 지시되는 on과 off라는 컴퓨터 회로의 두 상태에 의해 0과 1을 표시할 수 있기 때문에 컴퓨터에서 편리하게 사용되고 있다.
"2진 카운트다운, 二進-, binary countdown",,"데이터 통신에서 하나의 지국(station)이 하나의 채널을 점유하면 경쟁 기간 동안에 충돌이 발생하는데, 이러한 충돌을 없애고 경쟁을 해결하기 위해 사용하는 방식."
"2진화 8진수, 二進化八進數, binary coded octal",,"8진수의 숫자를 나타내기 위해 2진수(0, 1)를 사용하는 부호법. 8진법 214는 이 부호법으로 010 001 100으로 표현되며, 2진법으로는 10001100이다. 이 부호법과 2진법이 다른 점은 구두점이 없고 왼쪽 첫머리의 0이 떨어져 나가는 것이다."
"2진화 문자, 二進化文字, binary-coded character",,"10진 숫자나 알파벳, 특수한 문자들을 연속된 2진 부호로 표시하는 표현법."
"2차 CDMA 채널, 二次-, secondary CDMA channel",,이동국이 초기에 저속 확보를 위해 사용하는 미리 할당된 주파수의 CDMA 채널.
"2차 DNS 서버, 二次-, secondary DNS server",,"도메인 네임 서버(DNS)의 일종. 1차 도메인 네임 서버를 보조하며, 1차 도메인 서버 고장으로 큰 부하가 가해져서 응답 성능이 떨어졌을 때 큰 효과를 발휘한다. 2차 도메인 네임 서버는 1차 도메인 네임 서버로부터 받은 데이터 복사본으로 자신의 데이터를 갱신할 수는 없다. 따라서 1차 도메인 네임 서버의 데이터 갱신 시 동기되어 최신 데이터가 유지된다. 2차 도메인 네임 서버와 유사한 것으로는 캐시 도메인 네임 서버가 있다.→도메인 네임 서버"
"2차 감시 레이더, 二次監視-, Secondary Surveillance Radar, SSR",,지상에서의 질문 전파 방사에 대응해서 항공기의 ATC 트랜스폰더로부터 송출되는 응답 전파를 근거로 항공기의 식별과 고도 등의 정보를 획득하여 레이더 스코프상에 표시하기 위한 레이더.
"2차 감시 레이더 모드 S, 二次監視-, Secondary Surveillance Radar Mode S, SSR mode S",,"2차 감시 레이더(SSR)의 감시 기능을 향상시켜 데이터 통신 기능을 부가한 시스템. 모드 S는 지상의 질문 장치(모드 S 감지기)와 항공기의 응답 장치(모드 S 트랜스 폴더) 등으로 구성되어 있으며, 질문 및 응답 주파수는 SSR과의 양립성을 갖도록 하기 위해서 SSR에서 사용하는 것과 동일하다. 2차 감시 레이더 모드 S에서는 항공기 식별을 위한 코드를 종래의 12비트에서 24비트로 확대함으로서 개개 항공기에 고유 부호를 붙일 수 있다."
"2차군 속도 인터페이스, 二次群速度-, secondary rate user-network interface",,"고속 디지털 전송 서비스에서 제공하는 사용자-망 인터페이스의 하나. 전송 속도와 다중화 회선 수를 한국과 유럽은 8,448Mbps/ 120ch를 채용하고 있으며 미국과 일본 등은 6,312Mbps/96ch를 채용하고 있다."
"2차 데이터 사용, 二次-使用, secondary data uses",,개인 정보를 1차로 수집한 이외의 사람을 위해 사용하는 것. 공정 정보 규정(FIP)에서는 특정 목적을 위해 개인 정보를 제공할 수 있다고 규정하고 있다.
"2차 레이더, 二次-, secondary radar",,①목표가 갖고 있는 응답기를 구동시킴에 따라 발생하는 응답 신호를 사용하는 레이더. ②트랜스폰더를 갖춘 물체 표적과 함께 동작하는 레이더.
"2차 링, 二次-, secondary ring",,"광섬유 분산 데이터 인터페이스(FDDI : fiber distributed data interface) 링이나 동선 분산 데이터 인터페이스(CDDI : copper distributed data interface) 링을 구성하는 2개의 링 중 하나. 흔히 2차 링은 1차 링이 고장났을 때 사용할 수 있도록 보류된다. 또한 리던던트 백업 패스(redundant backup pass) 기능을 가지며, 별도의 100Mbps의 전송로 역할도 한다."
"2차 방사, 二次放射, secondary radiation",,도래(arrival) 전파를 받아서 안테나 소자에 유기 전류(induced current)가 흐를 때 그 전류로 인해 새로운 전파의 방사가 발생하는 것.
"2차 분배 회선, 二次分配回線, secondary distribution link",,유선 분배망의 헤드엔드로부터 종합 유선 방송(CATV) 가입자까지의 분배망. →1차 분배 회선.
"2차 업무, 二次業務, secondary services",,"주파수 분배표에서, 동일 주파수대에서 경합하는 둘 이상의 무선 통신 업무에 대한 주파수 사용 및 할당 우선 순위는 1차 업무, 허용 업무, 2차 업무이다. 2차 업무는 1차 업무와 허용 업무 다음의 우선 순위를 갖기 때문에 2차 업무의 무선국은 이미 주파수를 지정받았거나 추후에 지정받을 1차 업무, 허용 업무의 무선국에 대해서 혼신을 일으켜서는 안 되며 1차 업무, 허용 업무의 무선국으로부터의 혼신에 대한 보호를 주장할 수도 없다. 국제 전기 통신 협약 부속 전파 규칙(RR)의 주파수 분배표에서 첫 글자만 대문자로 표시되어 있는(예:Mobile 이동) 무선 통신 업무는 2차 업무이다."
"2차원 망, 二次元網, two-dimensional network",,분산된 교환국을 2차원적으로 결합하여 얻는 회선망 형태. 이 망의 특징은 다단 중계나 회선 공용에 의한 회선의 트래픽 처리 능률의 향상 및 접속 계로(繼路)가 면으로 넓어져 가는 데 따라 경로 선택의 자유도가 향상된다는 것이다. 대표적인 예로는 1국(局)으로부터의 링크(출입 회선 경로)가 3방향으로 분기하는 형태인 벌집[蜂巢]형 망과 1국으로부터의 링크 4방향으로 분기하는 형태인 격자형(格子形) 망이 있다.
"2차원 바코드, 二次元-, 2-dimensional barcode",동의어 : 2차원 막대 부호,"조그만한 사각형 안 가로와 세로 (x,y) 양방향으로 점자, 또는 모자이크식 코드로 표현한 평면 바코드. 따라서 기존 1차원 바코드보다 월씬 많은 고밀도 정보를 담을 수 있다. 어느 방향으로 스캐너를 들이대도 인식되고, 정보가 훼손되어도 상당 부분 복구가 가능하며, 기존 바코드와 달리 데이터베이스 없이도 그 자체로 해당 정보를 파악할 수 있다. 바코드 자체에 문자, 숫자 등 텍스트는 물론, 그래픽, 사진, 음성, 지문, 서명 등 다양한 형태의 정보를 저장할 수 있어 바코드를 읽기만 하면 그 내용이 컴퓨터 화면에 나타난다. 특히 2차원 바코드는 암호화가 가능해 멤버십 카드 등 각종 인증 시스템으로도 활용될 수 있으며, 휴대폰의 액정에 전달되어 티켓 대신 사용될 수도 있다. 전 세계적으로 이미 표준화되어 있다."
"2차원 부호화, 二次元符號化, two-dimensional coding",,"팩스의 중복성 억압의 한 형식으로, 팩스 정보(원고 정보)가 주 주사 방향뿐 아니라 부 주사 방향에도 중복성을 가지고 있는 것에 착안하여 여러 개의 주사선의 정보를 택하여 효율적으로 부호화하는 방법. 이 방법은 다음과 같이 크게 2가지로 나눌 수 있다. ㉠일괄 처리 부호화:여러 개의 주사선을 모아서 부호화하는 방법. ㉡순차 처리 부호화:부호화가 끝나기 직전의 주사선 정보까지 이용하여 부호화하는 방법. 순차 처리 부호화의 대표적인 것으로 ITU-T 권고 T.4에 규정되어 있는 변형 READ 부호화가 있다. 이것은 부호화하고자 하는 주사선의 흑백의 변화 화소(畵素)의 위치를 직전 주사선의 변화 화소에 대하여 어긋난 양(단, ±3화소 이하)으로 표시하는 부호와 런 렝스 부호 등을 조합하여 표시하는 방법이다."
"2차 인접 채널, 二次隣接-, second adjacent channel",,일단의 주어진 전파 채널들에서 특성 주파수가 상위 인접 채널의 주파수 바로 위 또는 하위 인접 채널의 주파수 바로 아래에 위치하는 RF 채널.
"2차 전지, 二次電池, secondary battery",,"충전과 방전을 반복할 수 있는 전지. 양극, 음극, 전해질, 분리막, 용기로 구성되며, 양극과 음극 사이의 전해질을 통하여 리튬 이온이 이동하는 전기적 흐름에 의해 전기가 발생한다. 충전은 양극에서 분리막을 지나 음극으로 이동하는 것이며, 방전은 음극에서 양극으로 이동하는 것이다. 종류는 납축전지, 니켈 카드뮴 전지(Ni-Cd), 니켈 수소 전지(Ni-MH), 리튬이온/폴리머 전지(LiB/LiPB) 등이 있다."
"2차 전지 보호 회로, 二次電池保護回路, 2nd Battery Smart Circuit Module, 2차 전지 SCM",,"2차 전지의 과충전, 과방전, 과전류를 방지하려고 쓰는 보호 회로. 리튬이온 2차 전지의 주요 소재는 양극과 음극 활물질이다. 양극 활물질과 음극 활물질은 혼합되지 않게 격리하는데, 불량으로 혼합되거나 습기, 먼지 같은 이물질이 들어갈 경우 과방전이나 과충전, 충격으로 폭발할 수 있다. 이런 사고를 방지하는 안전 장치가 바로 보호 회로다. 2차 전지 PCM(Protection Circuit Module)이라고도 한다."
"2차 주파수 표준, 二次周波數標準, secondary frequency standard",,1차 주파수 표준과 같이 자체의 고안정도 발진기(세슘 원자 발진기 등)를 내장하지 않아 외부로부터 교정을 필요로 하는 주파수 표준. 1차 및 2차 주파수 표준에 사용된 장비가 동일한 회사 제품이라 할지라도 업무 체계상 1차 또는 2차 표준으로 구분하는 경우도 있다.
"2차 키, 二次-, secondary key",,파일에서 원하는 레코드를 찾아내기 위해 탐색을 할 때 1차 키를 제외한 나머지 모든 키. 1차 키는 유일해야 하지만 2차 키는 다른 부분과 반드시 구별될 필요는 없다.
"2항 계수, 二項係數, binomial coefficients",,"이항 분포의 확률 P(n, x, p)를 그 사상의 출현 횟수 x의 모든 경우의 수에 대하여 합하면 그 값은 1이 되며, 다음과 같이 정의할 수 있다.nC0qn＋nC1pqn-1＋nC2p2qn-2＋……＋nCxpxqn-x＋…＋nCnpn＝1이 식의 좌변을 이항식 (p＋q)n의 전개식이라고 하며, 이 전개식에서 각 항의 계수의 수 nCx를 2항 계수라 한다."
"2항 연산 기호, 二項演算記號, binary operator",,"2개의 항을 가지는 산술 연산 기호. 절대식, 재배치 가능식, 산술식 등에 사용되는 2항 연산 기호는 ＋(덧셈), -(뺄셈), *(곱셈), /(나눗셈)이다."
"3+1 주소, 三-一住所, three plus one address",동의어 : 3+1 번지,"피연산자들과 명령어들의 위치를 명기해 주는 방법. 2개의 피연산자와 연산의 결과, 다음에 수행될 명령어의 저장 장소가 명시된다."
"32비트 CPU, 32bits central processing unit",,"모든 내부 처리 기기가 32비트를 기준으로 되어 있는 중앙 처리 장치(CPU). 대표적인 CPU로는 IBM사 등이 개발한 PowerPC, 인텔사가 개발한 i486 계열 및 펜티엄 계열 등이 있다."
"32비트 버스, 32bits bus",,"한번에 32비트의 정보를 전송할 수 있는 확장 버스. 대표적인 32비트 버스로는 PCI(peripheral component interconnect) 버스와 EISA(extended industry standard architecture) 버스가 있다. 컴퓨터로 처리할 수 있는 정보량은 계속 증가되어 64비트 폭의 PCI 버스도 규격이 책정되어 있다. →PCI 버스, EISA"
"3CCD 방식, -方式, three-Charged Coupled Device system, three-CCD system",,흑백 정보만 입수할 수 있는 전하 결합 소자(CCD)로써 컬러 필터를 사용하지 않고 컬러 화상을 얻을 수 있는 방식. ‘3판식’이라고도 한다. 컬러 필터를 사용하는 방식(단판식: 單板式)과 달리 화소 단위마다 완전한 컬러 정보를 가지고 있기 때문에 선명하고 정밀한 사진을 촬영할 수 있다. 이 방식은 비디오 카메라의 기본으로서 업무용이나 일부 가정용으로 사용되고 있다.
"3C 융합, 三-融合, Communication, Consumer electronics, Computer Amalgamation, 3C Amalgamation",,"통신(Communication), 소비자 가전(Consumer electronics), 컴퓨터(Computer)의 첫 글자를 따서 만든 용어. 서로 다른 산업 간 융합을 말한다. 그동안 개별적으로 진화해 온 TVㆍ가전ㆍ컴퓨터가 융합되어 홈 디지털 오락이라는 새로운 시장이 형성되면서 게임 업체와 TV 제조 업체 등이 마케팅 제휴를 벌이는 등 활발한 산업 간 융합을 보여 준다.&nbsp;"
"3dB 결합기, -結合器, 3dB coupler",,"전송 선로에서 2개의 출력이 각각 반반씩의 전력이 되도록 입력 전력을 균등하게 배분하는 기능을 가진 결합기. (2n＋1)×λ/4 길이의 결합 선로로 구성되는 결합비가 3dB의 방향성 결합기 누설 단자 쌍에 같은 진폭으로 90°의 위상차로 나타나고, 나머지 단자 쌍에는 전혀 출력이 나타나지 않는다. 이 성질을 이용하여 고주파 신호의 합성 또는 분배를 할 수 있다."
"3dB 대역폭, 三-帶域幅, three dB band-width",,"필터, 증폭기 등의 진폭, 주파수 특성이 3dB의 변화 범위에 들어가는 대역폭."
"3DTV 크로스토크, 3DTV Crosstalk",,3DTV의 좌우 영상이 겹쳐 보이는 현상. 3DTV 시청 시 왼쪽 눈과 오른쪽 눈의 영상이 서로 겹쳐 보이는 현상으로 입체감을 떨어뜨리고 어지럼증을 유발해 3DTV의 가장 큰 단점으로 꼽힌다.
"3D 그래픽스 가속기, -加速機, 3D graphics accelerator, 3DGA",,"입체 화상 처리 전용 기능을 내장한 그래픽 표시용 보드. ‘3D 가속기’라고도 하는데, 보통 표시하고 있는 그래픽은 2차원으로 3D 가속기가 필수적인 것은 아니다. 그러나 게임에서는 3D를 이용한 그래픽이 증가되는 경향이고, 화상 데이터를 작성할 때 XY축을 기본으로 Z축을 추가, 처리하고 있다. 이와 같은 처리 과정을 거쳐 만든 3D 화상을 이제까지의 가속기나 중앙 처리 장치(CPU)로 처리하면 화상의 움직임이 매우 늦기 때문에 3D 화상 전용 처리 기능을 가진 3D 그래픽 가속기가 등장하였다. 일반적으로 3D 가속기라 부르는 경우, 3D 화상 처리 기능을 강화한 보드만을 지칭한다. 이전의 그래픽 가속기는 윈도즈의 2D 그래픽 표시만을 고속화하고 있으나 현재 시판되고 있는 그래픽 보드의 대부분은 3D 기능을 구비하고 있다."
"3D 변환 기술, 三-變換技術, 3D converting technology",,"2D 영상을 3D 영상으로 변환하는 기술. 부족한 3D 콘텐츠를 확보하기 위하여 개발한 기술로, 3D로 제작되지 않은 2D 영상이라도 콘텐츠 제공자 측에서는 컴퓨터 변환 프로그램으로 2D 장면 하나하나를 3D로 제작하고, 단말 측에서는 3D 컨버터 칩을 장착하여 실시간으로 2D 영상을 3D로 변환한다."
"3D 브라우저, 3D browser",,"여러 개의 브라우징 창에 이미지 및 3D 파일을 표현하고 검색ㆍ관리하는 기능. 다수의 파일 형식을 제공하며, 집단별 파일 일괄(batch) 처리 기능, JPEG 영상 회전 처리 기능, 파일에 붙인 키워드에 의한 검색 기능, 이미지의 수정ㆍ변환 기능(잘라내기, 회전, 슬라이드 쇼 등)을 가지고 있다."
"3D 스위트닝, 3D Sweetening",,인간 친화적인 입체 영상을 구현하는 기술. 3D 영상을 볼 때 받는 눈의 피로와 빛에 대한 과민에 안정을 확보하려고 기존 3D 입체 영상에 인간적인 요소(Human Factor)를 기반으로 한 제작 기술을 접붙여 더 인간 친화적인 3D 입체 영상을 만들어 내는 기법을 말한다.
"3D 액정 표시 장치, -液晶標示裝置, 3D Liquid Crystal Display, 3D LCD",,"특수 안경을 쓰지 않아도 양눈의 시각 차이를 이용하여 각각 다른 화면이 보이도록 한 액정 표시 장치(LCD). 상품화되어 있는 제품의 예로서, 샤프사의 RD3D는 전통적인 2D 능동 매트릭스 디스플레이의 뒷면에 시차 방벽(parallax barrier)이라는 또 다른 제2의 매트릭스를 추가하여, 2D 모드로 동작할 때는 투명하나, 3D 모드일 때는 전환형 LCD가 왼쪽과 오른쪽 눈에 교대로 픽셀을 보내 3D 효과를 일으키는 원리로 되어 있다."
"3D 영상 신호, -映像信號",,3D 전용 단일 스트림과 3D 전용 이중 스트림을 포함하며 왼쪽 영상과 오른쪽 영상이 방송 스트림 내에서 일정한 규칙에 의해 결합된 영상 신호.
"3D 전용 단일 스트림, -專用單一-",,좌 영상과 우 영상이 단일 부호화기를 거쳐 생성된 하나의 엘리멘터리 스트림(ES)으로 구성된 3D스트림. ※ 관련 : TTA 단체표준 TTAK.KO-07.0100 '지상파 3DTV 방송 송수신정합'
"3D 전용 이중 스트림, -專用二重-, 2ES",,좌 영상과 우 영상이 개별적인 부호화기를 거쳐 생성된 두 개의 엘리멘터리 스트림(ES)으로 구성된 3D스트림. ※ 관련 : TTA 단체표준 TTAK.KO-07.0100 '지상파 3DTV 방송 송수신정합'
"3F 반도체, -半導體, Fusion, Future, Frontier semiconductor",,"시장 수요와 기술 로드맵을 기초로 하여 비메모리(Fusion) 반도체, 나노 집적 공정(Future) 반도체, 포스트 디바이스(Frontier) 반도체 등을 물리적·전자적으로 결합해 제조하는 것."
"3G 주파수, 三-周波數, Third Generation Frequency",,"3세대 이동 통신(3G) 용도로 허가된 주파수. 1992년 2GHz 대역(1885 ~ 2025㎒, 2110 ~ 2200㎒)이 3G(IMT-2000)용으로 국제 분배되었으며, 2000년에는 기존의 이동 통신 대역인 806 ~ 960㎒, 1710 ~ 1885㎒, 2500 ~ 2690㎒를 추가 분배했다. 현재 미국에서는 800㎒와 1900㎒(CDMA, GSM) 대역, 유럽은 900㎒, 1800㎒(GSM), 2100㎒(W-CDMA) 대역, 일본은 800㎒, 1500㎒, 1700㎒(CDMA, PDC), 2㎓(W-CDMA) 대역을 사용하여 서비스를 제공하고 있다. 일부 주파수 대역은 2세대 이동 통신 서비스와 공동으로 사용하고 있으나, 앞으로 3G 서비스로 전환될 예정이다."
"3LCD 프로젝터, Three Liquid Crystal Display Projector",,"프로젝터의 램프 광원이 투과되는 액정 표시 장치(LCD)가 3개여서 붙여진 명칭. 3LCD는 램프에서 나온 빛을 LCD 패널을 통해 렌즈에서 확대하기 전에 색깔별로 나뉜 빨강, 파랑, 초록의 3LCD를 쓰기 때문에, 원색에 충실하고 프로젝터 화면을 더욱 밝게 만들 수 있다."
"3R 기능, 三-機能, reshaping, retiming, regenerating, 3R",,"디지털 전송시스템에서 중계기가 수행할 가장 필수적인 기능 3가지, 즉 파형 정형(reshaping), 리타이밍(retiming), 식별 재생(regenerating).  아날로그 전송과는 달리 디지털 전송은 중간에 각종 잡음과 방해가 있었어도 원래의 데이터를 재생하거나 복구해 낼 수 있다는 특징이 있다. 신호 전송 과정에서 이러한 목적의 장치가 중계기이며, 이때 필요한 기능이 곧 3R 기능이다. 파형 정형은 찌그러져 수신된 신호 파형을 복원하는 것이고, 리타이밍은 수신된 신호로부터 클럭 성분을 검출한 후 이를 기반으로 새로운 클럭을 발생시켜 시간 기준을 재정렬하는 것이며, 식별 재생은 복원된 신호와 리타이밍된 클럭으로 데이터를 판별한 후 오류 정정 과정을 거쳐 원래와 동일한 데이터를 재생해 내는 것이다. 따라서 모든 중계기의 출력 상태는 바로 그 전 중계기의 출력 상태와 동일하며, 결국은 최초 송신 단국의 출력과 동일하여 최종단에서도 원래의 데이터를 복원할 수 있게 된다."
"3R 운동, -運動, Reduce, Reuse, Recycle, 3R",,"절약(reduce)ㆍ재사용(reuse)ㆍ재활용(recycle)의 각 첫머리 글자를 딴 환경 운동. '절약'은 자원과 물자를 절약하여 오염물질의 배출량을 줄이는 것이고, '재사용'은 헌가구ㆍ헌옷ㆍ헌책 등을 가능하면 다시 사용하는 것이며, '재활용'은 신문지ㆍ병ㆍ캔 등을 자원화해서 다시 사용하는 자원 순환형 사회를 실현하려는 운동이다."
"3W 망, 三-網, 3W Network",,"3개의 W로 시작하는 무선망을 통틀어 가리키는 말. 이동 통신(WCDMA), 휴대 인터넷(WiBro), 무선 랜(Wi-Fi)을 말한다."
"3계층 구조, 三階層構造, 3 tiered architecture",,"시스템 성능이나 개발, 유지 보수의 효율 개선을 위해 클라이언트/서버의 응용 프로그램 구조를 표현(presentation), 응용(application), 데이터(data) 등 3개의 논리적 기능 모듈로 나눈 형태. 3계층 구조는 2계층 구조에서 각 클라이언트에 분산되어 있던 응용 기능들을 서버로 옮겨 별도의 층으로 독립시킨 것이다. 표현층은 클라이언트의 브라우저와 서버의 웹 프로그램이 주고받는 그래픽 사용자 인터페이스(GUI)로 표준화되고, 각종 응용에 따라 데이터를 처리하고 표현층에 연결해 주는 응용층은 재사용 가능한 모듈로 전문화되었다. 그 결과 클라이언트의 기능이 단순ㆍ표준화되고(브라우저), 클라이언트와 서버 간의 통신량이 줄어 들며(인터넷 회선), 다수의 클라이언트 환경에서도 견딜 수 있고(포털 사이트), 클라이언트가 직접 데이터베이스에는 접속할 수 없도록 함으로써 시스템의 안정성과 보안을 향상시킬 수 있게 되었다. 이 밖에 응용 프로그램들이 각각 독립된 모듈로 분리되어 개발 및 재활용성이 증대하고, 규격 변경 작업 등이 손쉽게 된다는 장점이 있다."
"3권 변성기 코일, 三卷變成器-, hybrid coil",,"4선식 회선과 2선식 회선을 접속시키는 변성기로, 하나의 자심(磁心)에 3권선을 감은 것과 2개의 변성기를 조합하여 구성한 것. 코일 대신에 저항을 쓴 저항 하이브리드도 있다."
"3레벨 메이저, 三-, three level maser",,"세 에너지 준위를 사용한 메이저 장치. f31이라는 주파수의 충분한 방사가 시료로 주어지면 1과 3의 레벨에 대한 분포는 보통 볼츠만 분포에서 떨어져 레벨 3에 속하는 원자 수 N₁과 거의 같아진다(포화 상태). 이와 같은 상태에서 레벨 2와 레벨 1 사이에서는 반전 분포(反轉分布)가 생기고 f21인 주파수의 신호 증폭이 실시된다. 같은 원리의 레이저도 있다. 펌프 에너지를 공급하여 신호 증폭을 하는 장소로서 공동 공진기(共洞共振器)를 사용하는 것과 도파관 내에서 진행파관의 원리를 이용하는 것이 있다. 저잡음 마이크로파 증폭기로서 초원거리 레이더, 우주 통신, 전파 천문 등에 사용된다."
"3배 길이 레지스터, 三倍-, triple length register",,단일 레지스터로서의 기능을 가진 3개의 레지스터. 3배 길이 레지스터는 다음과 같은 목적으로 사용된다. ㉠곱셈에서의 값을 기억한다. ㉡나눗셈에서 부분 몫과 나머지를 기억한다. ㉢문자 조작에서 문자열을 자리 옮김하여 왼쪽 또는 오른쪽 부분으로 접근한다.
"3배 속도 클록, -三倍速度, clock tripling",,"클록 주파수를 변경하지 않고 중앙 처리 장치(CPU)의 데이터 및 명령 처리 속도를 컴퓨터 시스템의 다른 구성 부분의 3배로 증가시키는 기술. 최초로 이 기술이 채용된 CPU는 미국 인텔사가 1993년에 발표한 i486 DX4인데, 내부 처리 속도는 75MHz 또는 100MHz이지만 시스템의 다른 부분의 처리 속도는 각각 25MHz 또는 33MHz이다. 클록 주파수를 CPU 내부에서 3배로 증가시킨다는 의미에서 클록 3배가라고 하며, i486 DX4와 같은 CPU를 클록 3배가 CPU(clock-tripled CPU)라고 한다. 클록 3배가는 컴퓨터의 처리 속도를 3배로 높이기 위한 것이지만, CPU의 처리 속도를 3배로 해도 주기억 장치인 RAM이나 주변 장치와 데이터를 주고받는 속도는 변하지 않기 때문에 컴퓨터 전체의 처리 속도는 정확하게 3배가 되지는 않는다."
"3배 정밀도, 三倍精密度, triple precision",,어떤 하나의 수를 나타낼 때 요구되는 정밀도에 따라서 3개의 기계어(machine language)를 사용하는 것에 관한 용어.
"3상태, 三狀態, tri-state",,"논리 회로의 출력 상태가 3가지로서 1의 상태는 전기적으로 하이 레벨(H)이고, 0의 상태는 로 레벨(L)이며, 나머지 상태는 고 임피던스(회로가 끊어진 상태)인 것."
"3 상태 버퍼, 三狀態-, tri-state buffer",,"3가지 출력 상태를 갖는 논리 소자의 일종. 3상태 버퍼에는 2가지가 있는데, 입력을 역(invert)으로 하는 것과 그렇지 않은 것이 있다. 제어 입력 S는 데이터 입력 단자 A와 출력 단자 X사이의 회로를 개폐하는 역할을 한다. 그림 (a)에서 회로가 열리면 단순한 증폭기와 같으며, 그림 (b)에서 회로가 열리면 뒤바꿈기(inverter)와 같이 된다. 그림 (a), (b)에서 회로가 폐쇄되면 고 임피던스 상태가 되어 이것을 입력으로 하는 회로에서는 입력 단자가 차단된 상태와 거의 마찬가지가 된다. 3상태 버퍼의 출력 단자들로 연결 논리를 형성할 수 있는데, 그 기능은 연결 논리곱(wired- AND)이나 연결 OR(wired-OR)과 유사하다."
"3상태 집적 회로, 三狀態集積回路, tri-state IC",,"3가지의 상태를 갖는 집적 회로. 중앙 처리 장치(CPU)와 기억 장치 또는 입출력 회로 사이에서 공통의 버스를 사용하여 데이터를 전송하는 경우에 쓰인다. 여기서 상태는 데이터 버스상에 0의 신호를 전송할 수 있는 상태, 1의 신호를 전송할 수 있는 상태, 임피던스가 매우 높아 회로를 차단하여 데이터를 전송할 수 없는 상태를 말한다."
"3상태 출력, 三狀態出力, tri-state output",,"집적 회로 등의 출력으로 1, 0 외에 고 임피던스 상태가 얻어지는 출력. 고 임피던스 상태는 0도 1도 아닌, 출력이 완전히 절연되어 있는 상태이다."
"3선 초기 접속 신호, 三線初期接續信號, three-wire handshaking",,"송신 장치가 하나이고 수신 장치가 여러 개인 경우, 송신 장치는 버스에 데이터를 유효하게 하기 이전에 모든 수신 장치가 데이터를 받을 준비가 되었는지 확인하고, 송신 장치는 버스의 데이터를 무효화하기 이전에 모든 수신 장치가 데이터를 받아들였는지 확인하기 위해 3줄의 제어선으로 각 장치 사이에 신호를 보내어 데이터를 전송하는 것."
"3세대 이동 통신, 三世代移動通信, Third Generation Mobile Communication, 3G",,"기존의 음성 및 패킷 전송은 물론 멀티미디어 서비스와 글로벌 로밍이 가능한 이통 통신 규격. 1980년대는 1세대로 아날로그 음성을, 90년대에 등장한 디지털 개인 휴대 전화(PCS)는 음성과 저속의 데이터를, 2000년대 실용화된 영상 전화는 음성을 비롯하여 고속 데이터 서비스가 가능해 인터넷과 동영상 서비스를 제공하고 있다. 국제전기통신연합(ITU)에서는 당초 3세대의 명칭을 IMT-2000으로 하고 고정 2Mbps, 휴대 384Kbps, 이동 144Kbps를 제공하도록 요구 조건을 정하고 기술 개발을 추진해 국제 단일 표준을 정하고자 했다. 그러나 기존 서비스 진영의 기술이 양분되어 있고 이해가 상충되어 현재는 6개가 표준으로 승인되었다. 대표적인 표준은 동기식인 북미의 CDMA 2000, 비동기식인 유럽의 광대역 부호 분할 다중 접속(W-CDMA), 중국의 시분할 동기 코드 분할 다중 접속(TD-SCDMA), 그리고 우리나라의 와이브로(WiBro) 등이 있다. 3세대 이동 통신(3G) 서비스가 지연되면서 3.5세대 기술 개발이 완료되어 이동 시 전송 용량이 최대 14.4Mbp에 달하는 고속 하향 패킷 접속(HSDPA)도 3G와 함께 서비스를 제공하고 있다."
"3세대 컴퓨터, 三世代-, third generation computer",,"집적 회로를 사용한 컴퓨터로서 제1세대 컴퓨터(진공관을 사용한 컴퓨터), 제2세대 컴퓨터(트랜지스터를 사용한 컴퓨터)와 비교해서 사용하는 말. 즉 고속 처리 능력, 고신뢰성, 소형화, 저전력 사용 등과 같은 기술 혁신을 이룬 컴퓨터를 말한다."
"3 스크린 TV 솔루션, Three Screen TV Solution",,"디스플레이 기기에 상관없이 서로간에 중단 없이 비디오 서비스를 지원할 수 있는 솔루션. 집에서 TV로 영화를 보다가 사무실에 출근하면 PC에서, 이동 중일 때는 휴대용 멀티미디어 플레이어(PMP)와 개인 휴대 정보 단말기(PDA) 같은 단말기로 연결하여 비디오 이어 보기를 할 수 있는 서비스다."
"3원 방송, 三元放送, triplecast",,"TV, 라디오 및 인터넷의 프로그램 동시 방송. 라디오와 TV로 쇼 프로그램을 시청하면서 해당 웹 사이트를 선택하여 쇼 프로그램에 맞춰 스트리밍 사운드를 청취한다."
"3원색, 三原色, three primary colors",,"가법 혼색 또는 감법 혼색에서 넓은 범위의 색채를 얻기 위하여 선택되는 기본적인 3가지 색. 가법 혼색의 3원색은 적/녹/청이며 감법 혼색은 시안(녹/청), 마젠타(적/청), 황(적/녹)색이다."
"3인칭 슈팅 게임, 三人稱-, Third Person Shooter, TPS",,"3인칭 관찰자 시점으로 플레이하는 게임. FPS는 1인칭 슈팅 게임으로 캐릭터가 보는 시점과 나의 시점이 일치하는 것이고, TPS는 게임상의 캐릭터가 보는 시점이 아닌, 캐릭터를 보는 시점 즉, 3인칭 관찰자 시점으로 플레이하는 컴퓨터, 비디오 게임이다."
"3자극값, 三刺戟-, tri-stimulus values",,"주어진 3색 시스템에서, 어떤 색과 같은 색을 만드는 데 필요한 3개의 기준 자극의 양. CIE 1931 표준 측색 시스템에서는 3자극값을 나타내는 데 X, Y, Z의 기호를 사용하도록 권고하고 있다. X, Y, Z의 값은 방사의 분광 분포에 각 파장에 대한 스펙트럼 3자극값 를 곱하여 전 스펙트럼에 걸쳐서 적산하면 얻어진다."
"3자 통신 서비스, 三者通信-, three-party service, 3 PTY",,"ISDN 부가 서비스의 하나. 어떤 호에서 통신을 하고 있는 사용자가 그 호를 보류하고 제3의 상대방에게 또 하나의 호를 설정하여 필요하면 한 호에서 다른 호로(두 호 사이의 비밀은 유지하면서) 전환하거나, 한 호를 해제하고 다른 호로 복귀할 수 있게 하는 기능을 말한다. 선택적으로 이 서비스를 받은 사용자는 2개의 호를 결합하여 3자가 동시에 통신할 수 있는 3방향 통신 기능을 청약할 수도 있다."
"3전자총 관, 三電子銃管, three-gun tube",,3개의 전자총을 가진 음극선관. 컬러 수상기에서는 각 전자총으로부터 오는 전자 빔을 3원색의 각 신호로 변조한 다음 각 전자총에 대응하는 발광색의 형광체에 부딪치도록 하고 있다. 또한 오실로스코프용 음극선관에서는 각 전자 빔을 따로따로 제어하여 3개의 현상 파형(現象波形)을 동시에 표시한다.
"3점 시험 접속, 三點試驗接續, three point test jointing",,"한 시험 구간의 시험 접속에서 규격치보다 큰 이상 수치가 발생하였을 때, 시험 구간 내의 3개소의 측정치를 대조하여 고의로 큰 값을 만들어 이상치와 상쇄시킴으로써 규격치 내로 받아들이는 방법."
"3주소, 三住所, three-address",동의어 : 3번지,"피연산자와 명령어들의 위치를 나타내는 방법의 하나로, 두 피연산자의 저장 장소와 연산의 결과를 담을 저장 장소. 예를 들면, 가수와 피가수, 합의 주소 모두가 하나의 명령어 단어에 명기되어 있다."
"3 주소 부호, 三住所符號, three-address code",동의어 : 3번지 부호,"모든 기억 장치에서 레지스터처럼 행동할 수 있는 기계에 대한 어셈블리 언어와 비슷한 중간 형태로서, 적어도 3개의 피연산자를 갖는 연속적인 명령어로 구성된 형식. 3주소 부호는 피연산자를 위해 2개, 결과를 위해 1개 등 총 3개의 주소를 포함한다. 3-원소 주소 부호 X:=Y OPZ와 같은 일반적인 형태의 문장이며, 여기서 X, Y, Z는 이름, 상수 또는 컴파일러가 생성한 임시 장소들이다."
"3차원 관통 전극, 三次元貫通電極, 3D through-silicon via, 3D-TSV",,"웨이퍼에 관통 전극을 형성, 칩을 적층하는 기술. TSV는 패드와 단자 간 와이어 연결을 위한 공간으로 불필요한 크기를 줄이고 고성능·저전력 특징이 있다. 이러한 TSV 기술은 메모리 반도체, 시스템 반도체, 이미지 센서(Image Sensor) 들을 하나의 패키지에 통합하는데 핵심 기술로 쓴다."
"3차원 그래픽스, 三次元-, Three-Dimensional Graphics, TDG",,"특수 효과(SFX:special effects) 영화, 지질 해석, 컴퓨터 지원 설계(CAD)에 의한 건축 설계나 자동차 설계 시 활용되는 입체 화상을 묘화(描畵)하는 기술. 3차원 화상 처리의 3대 회사로 미국의 실리콘 그래픽스(SGI)사, 스타던트(Stardent)사, 휼렛 패커드사의 워크스테이션이 유명하다. SFX의 컴퓨터 그래픽스(CG) 분야에서는 SGI사가 유명하며 영화 ‘터미네이터 2’의 CG 화면에도 SGI사의 기술이 많이 활용되었다."
"3차원 나노패터닝, 三次元-, 3D Nanopatterning",,"양성자를 조사하는 방법으로 나노크기의 구조물을 제작하는 기술. 양성자(proton)를 300eV(전자볼트) 수준의 작은 에너지로 가속한 뒤 이 빔을 코발트 산화물층과 금속 필라듐층이 겹처진 인공 격자에 조사해 산소 원자만 선택적 제거하여 산화물층을 금속층으로 바꿀 수 있다. 공정 과정을 단순화할 수 있어 제조 단가를 낮추고 새로운 소자의 개발을 앞당길 수 있다. 금속과 산화물뿐만 아니라 질화물, 황화물 등 여러 화합물로 구성된 복잡한 구조에서도 원하는 부분만 선택해 3차원 나노 패터닝을 할 수 있어 응용 범위도 넓다."
"3차원 디지타이저, 三次元-, three-dimensional digitizer, 3D digitizer",,"3차원의 형상을 수치로 데이터화하기 위한 장치. 예를 들면 석고로 대상물의 모양을 떠서 그 표면의 공간 좌표를 자기 감응기나 기타 기계식 장치로 읽은 3차원 디지타이저가 있고, 대상물에 직접 레이저 광을 비춰서 형상의 표면 모양까지 읽는 레이저 스캐너(laser scanner: 레이저를 이용해서 복잡한 형상을 수치 데이터화하는 장치)가 있다."
"3차원 레이더, 三次元-, three-dimensional radar, 3D radar",,"여러 목표들에 대한 3차원 위치(방위, 거리, 고도)의 정보를 얻을 수 있는 레이더."
"3차원 모형, 三次元模型, three-dimensional model, 3D model",,"3차원 표현을 하는 데 필요한 기본 구성 요소. 3차원 모델은 물체 형상(shape)의 개략적인 모양을 정의하는 모델축(model axis)을 정하고, 모델 구성 요소들의 상대적 크기와 축에 대한 공간적 배열, 이 축들과 관련된 형상(shape)에 대한 포인터 등을 정의함으로써 이루어진다."
"3차원 모형 표현, 三次元模型表現, 3D model representation",,모듈러와 계층적인 구조로 배열된 여러 가지 크기의 공간적 기본 연산자를 사용하여 물체의 형태에 대한 객체 지향적 표현을 하는 물체 표현 방법.
"3차원 방식 자기 코어 기억 장치, 三次元方式磁氣-記憶裝置, three-dimensional core storage",,"자기 코어 기억 장치의 하나로, 각각의 기억 셀(코어)에 주소 선택을 위한 선을 관통시키고 X선이나 Y선을 따라 기록용의 억지선을, 또 이들 선에 대해 45°의 각도로 판독선을 관통시켜 전류 일치 선택 방식으로 판독 및 기록을 하는 것."
"3차원 배열, 三次元配列, three-dimensional array, 3D array",,"개개의 항목 위치를 정하는 데 3개의 수(정수)를 사용하여 질서 정연하게 정보를 배치한 배열. 근본적으로 3차원 배열은 데이터를 행, 열 및 층으로 배치되어 있는 것과 같이 처리한다. 그래서 어떤 항목(예를 들면, B 지구 A 점포의 4월 매상고)을 그 항목의 행, 열, 층 번호에 의해 찾을 수 있다."
"3차원 빔 형성, 3次元-形成, Three-Dimensional Beamforming, 3D-BF",,배열 안테나를 수평과 수직으로 배치하여 3차원(3D) 빔(beam)을 형성하는 기법. &nbsp;3D 빔 형성 기법은 원하는 방향으로 예리한 빔을 만들어 안테나 이득은 물론 혼신을 최소화하고 수평과 수직 방향의 빔 형성이 가능하기 때문에 아파트나 고층 건물에 있는 이용자에게도 별도의 기지국 설치 없이 서비스가 가능하다. &nbsp;
"3차원 빗살형 필터, 三次元-形-, three-dimensional comb filter",,"비디오에 입력된 영상 신호로부터 디지털 메모리를 사용해 1프레임 분의 정보를 기억하고 앞의 프레임 정보와 가감하여 휘도 신호(Y)와 색 신호(C)를 완전히 분리하는 필터. 색 신호를 추출하는 종래의 방식과 달리, 휘도 신호와 색 신호를 분리하기 때문에 세로 방향의 도트 방해(점 형태의 백색 잡음)나 경사 방향의 교차 색상을 제거할 수 있다. 이 동작은 NTSC 표준 신호(NTSC 규격에 적합한 방송 신호, 레이저 디스크 등)중 정지화 부분에만 행해지며, 움직이는 부분에서는 프레임간 시간차에 의한 잔상 방지를 위해 2차원 처리로 순간 절체 한다."
"3차원 소자, 三次元素子, three-dimensional electron device, 3D electron device",,"3차원적인 입체형으로 회로를 구성하여 집적도를 높인 소자. 현재의 소자는 2차원적으로 회로를 구성한 것이나, 이것을 겹쳐 쌓아 3차원적으로 구성함으로써 집적도를 높이려 하고 있다."
"3차원 위치 음향, 三次元位置音響, 3D positional audio",,"한정된 수량의 스피커로 마치 사방에서 음이 들리는 것 같은 입체 음향 효과를 실현하는 음향 공학 기술. 마이크로소프트 윈도즈의 ‘DirectSound’ 기능의 일부로서, 소프트웨어적으로 음향 효과를 실현한 후에 사운드 카드에서 다시 하드웨어적인 지원을 시행함으로 실시간성이 향상된다."
"3차원 인터넷, 三次元-, Three-Dimensional Internet, 3D Internet",,"인터넷을 통해 실물에 가까운 정보를 얻을 수 있는 기술. 차세대 웹을 구현할 수 있는 기술로 궁극적인 목표는 현실화(reality)다. 세컨드 라이프와 같은 현실과 유사한 가상 세계를 만들고 나아가 질병을 진단하고, 새 에너지를 개발하며, 신뢰 높은 건축 도면을 설계하는 등 일상생활의 모든 분야까지도 적용이 가능한 기술이다."
"3차원 잡음 억압, 三次元雜音抑壓, three-dimensional noise reduction, 3DNR",,"순회형 색상 잡음 억압(CCNR) 방법의 하나. CCNR에서 신호는 상관관계가 있지만 잡음은 ‘랜덤’이라는 성질이 다른 것을 이용하여 잡음을 줄이고 있다. 예를 들면, 주사선 간의 상관관계를 이용하여 잡음 억압을 생각해 보면, 1개의 주사선을 지연 회로를 사용해서 지연시켜 다음 주사선과 중첩시킨다. 그렇게 하면 신호는 2배로 되는 반면, 잡음은 2의 제곱근인 1.4배밖에 되지 않는다. 이것을 2로 나누면 잡음은 0.7이 된다. 주사선 간의 처리는 화면에서는 상하, 좌우의 신호 처리와 유사한 것으로서 2차원의 잡음 억압이라 한다. 이에 대해 3차원은 화면에서만이 아니라 시간 방향의 처리도 이루어진다. 결국 30분의 1초 전의 화면(프레임) 사이에서 잡음 억압 처리를 한다. 이렇게 하려면 앞의 1화면분을 기억해 두지 않으면 안 되므로 보통은 화상 신호를 디지털화해서 반도체 메모리에 기억시킨다. 1화면을 기억하는 메모리를 ‘풀 메모리’라고 한다. 2차원이나 3차원 모두 화상 신호와 상관이 있다는 것을 전제로 한다."
"3차원 지리 정보 시스템, 三次元地理情報-, Three-Dimensional Geographical Information System, 3D GIS",,"3차원 모형화 기술을 적용한 지리 정보 시스템. 지형과 인공 시설물을 3차원 정보로 구축하고 지리 정보 시스템(GIS) 및 증강현실 기술과 연동하여 공간 정보를 저장, 처리, 가공, 분석하는 시스템이다. U-시티, 전자 학습, 내비게이션 등 다양한 분야의 핵심 기술로 적용이 확대되고 있다."
"3차원 집적 회로, 三次元集積回路, Three-Dimensional Integrated Circuit, 3D IC",,"2차원 구조의 반도체를 3차원 구조로 전환하여 제작한 집적 회로. 기존의 2차원 구조의 반도체는 30나노급 공정에 근접하면서 기술 발전의 한계에 봉착했다. 신호선의 간격이 좁아져서 생기는 리소그래피를 포함한 제조 기술 문제, 전기적 절연 문제, 신호 지연 시간 증가 문제, 그리고 신호 간섭 등의 문제가 그 원인이 되고 있다. 이러한 반도체 산업이 갖고 있는 기술과 생산성의 난관을 타개하기 위해 새롭게 제시되고 있는 기술이 3차원 집적 회로(3D IC) 기술이다. 또한 3D IC는 1개의 반도체에 프로세서, 메모리, 아날로그, 고주파, 센서, 전력 반도체를 집적화하여 시스템 반도체를 제작할 수 있다."
"3차원 캐드, 三次元-, 3D Computer-Aided Design, 3D CAD",,"3차원의 물체를 취급할 수 있는 컴퓨터 지원 설계(CAD). 3차원 모델링에는 물체를 선분(능선)으로 표시하는 선화(線畵) 모델링(wire frame modeling), 면의 조합으로 표시하는 표면 모델링(surface modeling), 표면과 알맹이의 정보를 취급하는 입체 모델링(solid modeling)의 3종류가 있다. 처리 속도와 용도에 따라 이 3종류를 적절히 활용하는데 3차원 CAD에서 문제가 되는 것은 모델링의 순서가 방대하고 복잡해지는 것이다. 단순한 입체를 조합해서 입력하는 방법과 2차원의 단면을 이동시켜 입력하는 방법을 사용하기도 한다. 3차원 CAD는 공업/건축 설계에서는 필수적이지만 제도 기능은 우수하지 못하여 제도 분야에서는 2차원 CAD, 2/5차원 CAD도 이용된다."
"3차원 표현, 三次元表現, three-dimensional representation, 3D representation",,"컴퓨터 도형에서, 물체를 X, Y, Z축을 이용하여 뜻매김한 표현 방법의 총칭. 표현 방법에 따라 와이어 프레임 표현, 표면 모형(surface model), 입체 모형(solid model) 등이 있다."
"3차원 화상 처리, 三次元畵像處理, Three-Dimensional Image Processing, TDIP",,"연산에 의해 3차원 그래픽을 묘화(描畵)하는 것. 멀리 있는 물체를 작게 하여 가까운 곳에 있는 물체인 것처럼 하거나, 광원이 비치고 있는 부분만을 밝게 하여 반사면을 어둡게 하거나, 물체의 재질을 실제와 비슷하게 표현하여 입체감을 나타내게 하는 수단이다."
"3 초과 부호, 三超過符號, excess 3 code",,"일부 전 세대 컴퓨터에서 쓰였던 부호. 각 비트에 가중값을 할당하지 않고, 10진 숫자에 대응된 이진화 십진 표기법(BCD)에 3을 더해서 얻어진다. 이 부호는 9의 보수를 쉽게 구할 수 있는 장점이 있다."
"3축 안정법, 三軸安定法, three-axis stabilization",,"인공위성 자세 제어 방식의 하나로, 요(yaw), 롤(roll), 피치(pitch)라고 부르는 3축의 회전력을 각각 제어함으로써 위성의 자세를 일정하게 유지하는 방식. 요(옆으로 흔들림)축은 지표에 수직이고, 롤(좌우로 흔들림)축은 요축에 수직이고 궤도면에 평행이며, 피치(앞뒤로 흔들림)축은 요축과 롤축에 각각 수직이 되게 한다."
"3항 연산자, 三項演算子, ternary operator",,"입력이 3개인 연산자. if-else 문을 함축한 조건 연산자가 이에 해당된다. 예를 들어, A ? B : C는 A라는 조건이 옳으면 B를 수행하고, 틀리면 C를 수행한다."
"4+1 주소, 四-一住所, four plus one address",동의어 : 4+1 번지,4개의 피연산자 주소와 1개의 제어 주소가 있는 명령에 사용되는 주소 방법.
"40/100 기가비트 이더넷, 40/100 Gigabit Ethernet, 40/100GbE",,"이더넷상에서 초당 40 또는 100 기가비트의 데이터 속도를 제공하는 미국 전기 전자 학회(IEEE) 이더넷 규격(IEEE 802.3ba-2010). 서비스 거리에 따라 수 미터를 지원하는 40G/100GBASE-CR4, 40G/100GBASE-KR4, 100GBASE-KP4, 수백 미터를 지원하는 40G/10GBASE-SR4, 100GBASE-SR10, 10 킬로미터(km)를 지원하는 40G/100GBASE-LR4, 40 킬로미터를 지원하는 40G/100GBASE-ER4 등 다양한 규격이 존재한다. 주로 40 GbE는 4 채널×10 기가비피에스(Gbps), 100 GbE는 4채널×25 Gbps 형태로 데이터를 전송한다. 전송 거리가 늘면서 근거리 통신망(LAN: Local Area Network)은 물론 도시권 통신망(MAN: Metropolitan Area Network), 광역 통신망(WAN: Wide Area Network) 및 무선 가입자망으로 영역이 확장되고 산업, 항공, 자동차, 국방, 방송 등 다양한 분야에 적용되고 있다."
"4D 프린팅, fourth dimension printing, 4D printing",동의어 : 환경 반응 입체 프린팅,"미리 설계된 시간이나 임의 환경 조건이 충족되면 스스로 모양을 변경 또는 제조하여 새로운 형태로 바뀌는 제품(object)을 3D 프린팅하는 기술. &nbsp;4D 프린팅을 위해서 온도, 습도, 진동 등 에너지에서 자극을 받으면 모양이 변하는 스마트 소재가 사용된다. 예를 들면, 물을 만나면 팽창되는 나무를 소재로 하는 입체 프린터(3D printer)로 코끼리 모양의 평면 설계도를 출력한다. 그리고 출력된 설계도를 물에 넣으면 저절로 입체 코끼리 모양으로 바뀐다. 4D 프린팅 기술은 2013년 테드(TED: Technology, Entertainment, Design) 강연에서 미국 MIT 자가조립연구소 스카일러 티빗츠(Skylar Tibbits) 교수에 의해 소개되었다. 4D 프린팅은 의료, 의류 등 다양한 분야에 활용될 수 있다. ※ 여기서, 4D(4th dimension)는 수학·물리의 4차원(4D: four-dimensional space)과 다르다."
"4G 주파수, 四-周波數, 4th Generation Frequency",,"4세대 이동 통신(4G) 주파수로 세계전파통신회의(WRC)에서 선정한 주파수. 총 4개의 주파수 대역으로 450 ~ 470㎒(20㎒) 대역, 470 ~ 806/862㎒ 대역, 2.3 ~ 2.4㎓(100㎒) 대역 및 3.4 ~ 3.6㎒(200㎒) 대역이 있다. 그중 470 ~ 806/862㎒ 대역을 제1지역(유럽·아프리카)은 790 ~ 862㎒ 대역, 제2지역(북·남미)은 698 ~ 806㎒ 대역, 제3지역(아시아·오세아니아)은 698 ~ 806㎒ 대역으로 정해졌다. 특히 2.3 ~ 2.4㎓ 대역 주파수는 우리나라에서 개발한 와이브로(Wibro) 주파수 대역으로, 와이브로 이동 통신 기술의 국제 표준과 함께 세계 공통의 주파수 대역으로 설정되었다."
"4K 해상도, -解像度, 4K Resolution",,"모니터의 해상도를 나타내는 단위로 가로 픽셀 수가 3840, 세로 픽셀 수가 2160인 영상의 해상도. 풀 HDTV(1920×1080)의 4배 이상의 초고화질의 영상을 말한다. HDTV 이후 차세대 텔레비전 규격인 UHDTV의 규격은 HDTV의 4배의 해상도를 가지는 4K, 16배의 해상도를 가지는 8K 해상도를 채택하고 있다."
"4단자망, 四端子網, four terminal network",,"4개의 단자를 가진 임의의 회로망에서 1쌍을 입력 단자, 다른 1쌍을 출력 단자라 할 때 회로망의 내용을 잘 알 수 없어도(이것을 블랙박스라고 한다) 입력 단자와 출력 단자의 4단자 정수를 알면 회로의 특성을 알 수 있는데, 이와 같은 회로망을 가리키는 말. 회로망 속에 전원이 포함된 것을 능동 4단자망, 전원이 없는 것을 수동 4단자망이라고 한다. "
"4분원 오차, 四分圓誤差, quadrantal error",,"무선 방위 측정 시 선체나 기체(機體)의 영향으로 나타나는 오차. 이 오차의 원인은 선체에 전파가 도달하면 여기에 와전류(渦電流)가 발생해서 이로 인해 자계가 도래 전파에 영향을 주게 되어 결국 방위 측정 시 오차를 일으키게 된다. 오차는 선수(船首) 및 선미(船尾) 방향으로부터 도래하는 전파에 대해서는 최소가 되고 선체 중간에서 최대가 되는데, 이 오차는 근본적으로 피할 수 없으므로 방위 측정 시에는 오차 수정 곡선을 만들어 보정하는 것이 최상의 방법이다."
"4선식, 四線式, four-wire system",,"시분할 방식에서 공통선 구성 방법의 하나로, 펄스의 전송 방향에 따라 전송로를 분리하는 방식. 이 방식에서 통화 손실의 보상은 공통선의 각 방향에 대해 통상의 광대역 증폭기로 쉽게 행해진다. 그러나 2선식에 비해 개폐 회로 수는 2배가 되어 3권선 변성기를 필요로 한다."
"4선식 교환, 四線式交換, four-wire switching",,"통화로 선택 접속을 2선으로 하는 교환을 2선 교환이라 하고, 4선으로 하는 교환을 4선 교환이라고 한다. 4선식은 송신 경로 정보와 수신 경로 정보를 2선씩 분리하는 방식으로 전송 손실 0dB로 전송할 수 있다."
"4선식 반송 방식, 四線式搬送方式, four-wire carrier system",,"전송 시스템에서 송신과 수신 신호를 별개의 채널을 이용하여 전송하는 방식. 송수신 양단에서 각각 2선식 반송 방식을 사용하며, 이 경우 증폭기에 의한 중계가 쉽고 전송 거리가 길며 전송 품질이 향상된다."
"4선식 중계기, 四線式中繼器, four-wire repeater",,음성 케이블 방식에 따른 4선식 회선의 선로 손실의 보상 또는 반송 단국 장치와 교환기를 연결하는 케이블이 길어서 손실 보상을 필요로 하는 경우에 사용하는 중계기.
"4선 회로, 四線回路, four-wire circuit",,"장거리 통신 회선에서 송화, 수화의 각 통화로에 독립된 전송 선로를 사용하는 방식."
"4세대 원자력 시스템, 四世代原子力-, Generation IV Nuclear Energy System, GEN-IV",,"현재 운영 중인 3세대 원자력 발전 시스템 이후에 도래할 차세대 원자력 발전 시스템. 높은 출력에다 저렴한 단가, 지속 가능한 친환경(Sustainable) 기술을 갖춘 차세대 원자력 시스템이다. 핵심 연구 분야는 소듐 냉각 고속로(SFR), 사용 후 핵연료 건식 처리 기술(Pyroprocessing) 연계 개발, 원자력 수소 생산을 위한 초고온 가스(VHTR)로 개발하는 것들이 있다."
"4세대 컴퓨터, 四世代-, fourth generation computer",,"대규모 집적 회로 (LSI), 초대규모 집적 회로(VLSI)를 사용한 컴퓨터의 호칭."
"4수소화 게르마늄, 四水素化-, Germanium tetrahydride, GeH4",,"태양 전지의 광전 변환 효율을 높이기 위한 핵심 소재. 게르만 (germane) 또는 모노게르만(monogermane) 가스라고 하며, 차세대 태양 전지로 각광받고 있는 다중 접합(Tandem) 구조의 태양 전지에 적용되어 태양광 중 적외선 영역의 빛 흡수를 크게함으로써 태양 전지의 전환 효율을 향상시킬 수 있는 화합물 소재이다."
"4위상 변조 방식, 四位相變調方式, four-phase modulation method",,"반송파의 위상 변이를 4개로 정의하고(예를 들어 0°, 90°, 180°, 270°) 각각의 위상 변이에 2 비트의 값을 할당하여 데이터를 송수신하는 변조 방식."
"4주소, 四住所, four address",동의어 : 4번지,"①한 명령에서 두 피연산자의 주소와 연산 결과의 주소, 다음에 수행할 명령의 주소를 모두 표시하는 방법. ②명령에서 연산과 4개 레지스터의 주소를 나타내는 방법."
"4 주소 명령어, 四住所命令語, four address instruction",동의어 : 4번지 명령,"주소부가 4개로 구성된 명령. 보통 2개의 피연산자 주소, 나머지 2개의 연산 결과를 저장하는 주소와 다음에 실행할 명령의 저장 주소로 구성된다."
"4 주소 부호, 四住所符號, four address code",동의어 : 4번지 부호,명령 부호의 하나로서 주소를 4개 가지고 있는 것. 보통 이와 같은 주소는 연산자의 출처와 결과의 행방 및 다음 명령의 출처를 나타낸다.
"4주파 양방향 송수신, 四周波兩方向送受信, four-frequency duplex",,2개의 중계기 간에서 그림과 같이 4개의 주파수를 써서 동시에 양방향 중계를 하는 중계 방식. 11GHz를 사용하는 방식에서 반사판을 사용할 경우의 송수신 양 장치 간의 전파의 우회(迂回) 간섭을 피하는 것이 목적이다.
"4주파 양방향 전신, 四周波兩方向電信, four-frequency duplex telegraphy",,"기호 주파수(mark frequency)와 간격 주파수(space frequency)를 조합하여 생기는 4개의 전신 부호를 각각 4개의 주파수로 표시하는 주파수 편이 전신이며, 이것으로 2개의 통신로를 구성하는 무선 전신."
"4중 전신 방식, 四重電信方式, quadruplex telegraph system",,하나의 회로를 사용하여 양방향으로 2개의 메시지를 동시에 독립적으로 전송하기 위해 구성된 모스 전신기 방식.
"4채널 스테레오, 四-, four channel stereophony",,"네 계통의 음향 신호를 써서 공간적인 인상을 형성하는 스테레오 방식. 네 계통의 신호를 4개의 독립된 전송로를 통해 4개의 재생계로 재생하는 디스크 판독(4-4-4) 방식과 신호를 인코더로 2 또는 3채널화하여 전송 또는 기록하고, 재생 측 디코더에서 4개의 신호로 변환하는 4-2-4 또는 4-3-4 매트릭스 방식이 있다. 4-2-4 매트릭스 방식은 2채널 스테레오 전송계 또는 기록계를 사용할 수 있는 장점이 있지만 스테레오 효과는 약간 저하된다."
"4파 혼합, 四波混合, Four wave mixing, FWM",,"광 시스템의 혼변조 왜곡. 일반 전자회로의 혼변조 왜곡(IMD)과 유사한 것으로, 비선형 매체에서 3개의 광파장이 상호작용하여 또다른 광파장을 생성하는 현상이다. 원래 파장과 인접하여 생성됨으로써 파장 분할 다중방식(WDM)에 영향을 미치는 광섬유 특성으로, 광채널을 감소시키고, 인접 체널 누화의 원인이 된다."
"5.1 채널 음향, 五點一-音響, 5.1 Channel Audio",,"청취자를 중심으로 전방의 왼쪽, 중간, 오른쪽과 후방의 왼쪽, 오른쪽에 5개의 스피커와 저음을 보강하기 위한 서브우퍼 1개(0.1)가 별도로 구성된 음향 시스템. 전방 좌우와 후방 좌우 스피커는 고정된 청취자의 입체 음향 효과 역할을 하고, 전방의 중앙 스피커는 이동하는 청취자에게도 화면 연기자의 대화를 전방 화면에 고정시키는 역할을 한다. 5.1 채널 사운드 방식으로는 AC-3 포맷으로 알려진 돌비 디지털(Dolby Digital) 5.1과 디지털 극장 시스템(DTS: Digital Theatre Systems)이 있다. 두 방식은 모두 극장용 사운드 시스템 용도로 개발됐으며, 디지털 비디오 디스크(DVD) 확산 추세에 발맞춰 홈시어터 시스템도 기본 지원한다. 5.1 채널 사운드는 기존 스테레오나 4 채널 사운드 출력과 다르게 소리를 채널별로 별도 채집, 녹음하기 때문에 재생 시 음장감이 뚜렷하며, 저음 부분이 별도 채널로 구성되어 서브우퍼를 통해 재생되므로 현장감도 우수하다."
"50 옴, 五十-, 50 Ohm",,"무선 주파수(RF) 시스템이나 측정기의 임피던스 표준의 하나. 아이크로파 공학에서, 전자파 에너지의 전력 전송(power transfer) 특성이 가장 좋은 임피던스 33옴과 RF 신호파형의 왜곡(distortion)이 가장 작은 임피던스 73옴을 고려하여 편의상 이의 중간인 50옴이 선택되었다고 한다. 임피던스 표준은 주로 사용되는 선로의 특성이나 회로의 특성에 따라 선정되는데 보통 음향 주파수에서는 전화선을 기준으로 600옴, 단파, 텔레비전 등(1GHz 이하)에서는 75옴이 기준이며, 이동 무선, 마이크로파 등(100MHz 이상)에서는 50옴을 사용한다. 저주파와는 달리 마이크로파에서는 전압이나 전류 측정은 방법이 어렵고 오차도 많으므로 전력 측정을 하게 되며, 이때 순저항 성분인 50옴이 기준이 된다."
"5-2 선택 부호, 五二選擇符號, two-out-of-five code",,"여러 가지 10진 숫자가 5개의 2진 숫자로 구성되는 2진수 표시로 표현되는 2진화 10진 표기법. 5개 가운데 2개는 한 쪽의 2진 숫자(예: 1), 나머지 3개는 다른 쪽의 2진 숫자(예: 0)를 취하도록 되어 있는 것. "
"56K 모뎀, 56K modem",,"한 방향의 전송 속도가 56 kbps인 모뎀. 인터넷 56K modem 다이얼 업 접속 용도로 개발되었다. 일반 모뎀은 아날로그 전화망의 양단에서 대향(對向)으로 사용되는데, 56K 모뎀은 디지털 회로에 연결하는 제품과 아날로그 전화 회선에 연결하는 제품을 함께 사용한다. 인터넷으로의 다이얼 업 접속에서는 아날로그 회선 측이 이용자, 디지털 회선 측이 인터넷 접속 사업자(provider)가 된다. 디지털 회선 측으로부터의 송신은 최고 56kbps이지만 아날로그 회선 측으로부터는 V.34 방식으로서 최고 33.6kbps이다. 56K 모뎀에는 현재 2가지 방식이 있는데, 미국 US Robotics사의 X2와 Rockwell Semiconductor System사의 K56flex이다. 물론 이들 모뎀은 펄스 부호 변조(PCM)에 기초를 두고 있으나 상호 접속성은 없다. 양사 간 아날로그 회선 측의 모뎀 제조자, 디지털 회로 측의 접속 서버의 제조자, 사업자를 둘러싼 경쟁이 확대되고 있다. 규격 표준화는 미국 전기 통신 공업 협회(TIA)나 국제 전기 통신 연합(ITU)이 추진하고 있는데, TIA는 1998년 6월, ITU는 1998년 7월에 규격(V.90)을 확정하였다."
"5단위 부호, 五單位符號, five level code, five unit code",,"인쇄 전신기(teleprinter) 등으로 한 문자를 표시하는 데 5개의 충격파를 사용한 전신 부호 형식의 하나. 보도(baudot) 부호 계통의 것이다. 이 방식은 대부분 직류식 인쇄 전신 장치에서 사용되며, 전송할 때는 1개의 스타트 임펄스와 5개의 캐릭터 임펄스 및 스타트 임펄스의 1.42배 길이인 스톱 임펄스로 구성한 5채널 인쇄 전신용의 부호가 사용된다."
"5세대 이동 통신, 五世代移動通信, 5th Generation, 5G",,"4세대 이동 통신에서 진화된 이동 통신이라는 의미로 사용되는 마케팅 명칭. 국제 전기 통신 연합(ITU)에서 정한 공식 명칭은 아이엠티 2020(IMT-2020)이지만, 이동 통신 시장에서는 세대로 구분하여 5세대(5G) 용어를 사용한다. 5G는 이동 통신 국제 표준화 단체인 3GPP의 기술 상표명(brand name)이기도 하다. 과거 4세대 이동 통신 기술에 대한 3GPP의 상표명은 엘티이(LTE), 엘티이 어드밴스트(LTE-Advanced), 엘티이 어드밴스트 프로(LTE-Advanced Pro)이다. 3GPP 표준 릴리즈(Release) 15부터는 LTE-Advanced Pro에 해당하는 표준과 새로운 무선 접속 기술인 엔알(NR: New Radio)에 해당하는 표준 모두에 대해 ‘5G’라는 로고와 상표명을 적용한다. 즉, LTE-Advance Pro를 포함하는 기술 표준 TS(Technical Specification) 36 계열과 NR을 포함하는 기술 표준 TS 38 계열 모두의 릴리즈 15 표준부터는 ‘5G’ 로고와 상표명을 사용한다. "
"5세대 이동통신 시스템, 五世代移動通信-, 5th Generation System, 5GS",동의어 : 5G 시스템,"5세대 이동통신(5G)에서 무선 접속망과 핵심망을 합한 전체 시스템. 이동통신 분야 사실 표준화 기구인 3GPP에서 정한 명칭이다. 5G 시스템(5GS: 5G System)은 5G 무선 접속망(NG-RAN)과 5G 핵심망(5GC)으로 구성된다. 이 시스템은 외부 패킷 데이터 망(PDN: Packet Data Network)과 연결하여 사용자에게 음성을 비롯한 다양한 형태의 데이터 서비스를 제공한다. 5GS는 기존 LTE와 연동(interworking)되며 와이파이(Wi-Fi) 등과 같은 non-3GPP 무선접속 기술과도 연결될 수 있다.일반적으로 이동 통신망은 단말에 이동 환경을 제공하는 무선 접속망(RAN: Radio Access Network)과 단말 데이터를 처리하고 다른 망과의 상호 연결 등을 제공하는 핵심망(CN: Core Network)으로 구성된다. 3GPP는 5G 이동통신망의 RAN 이름을 NG-RAN으로, NG-RAN에 연결되는 핵심망(CN)을 5G 핵심망(5GC: 5G Core Network)이라 하고, NG-RAN과 5GC를 합친 전체 시스템을 5G 시스템(5GS: 5G System)이라 이름을 붙였다.* LTE의 경우 5GS에 대응하는 명칭은 진화된 패킷 시스템(EPS: Evolved Packet System)이고, 이것은 E-UTRAN과 EPC로 구성되었다.5GS의 주요한 기술적 특징은 다음과 같다.- 사용자 평면과 제어 평면의 분리: 각 평면의 독립적인 증설과 진화, 유연한 망 전개를 가능하게 함- 기능 설계의 모듈화: 유연하고 효율적인 네트워크 슬라이싱(Network Slicing)을 가능하게 함- 적용 가능한 부분에 네트워크 기능(NF: Network Function) 간 처리 절차를 서비스로 정의: 절차를 서비스의 형태로 정의함으로써 하나의 네트워크 기능이 다른 네트워크 기능에 정의된 서비스를 재사용할 수 있도록 함"
"5세대 이동통신 핵심망, 五世代移動通信核心網, 5th Generation Core Network, 5GC","동의어 : 5G 코어네트워크, 5G 코어망","5세대 이동통신(5G)의 핵심망. 이동통신 분야 사실 표준화 기구 3GPP에서 정의한 공식 명칭이다. 5G 시스템(5GS: 5th Generation System)은 5G 핵심망(5GC)과 5G 무선 접속망(NG-RAN)으로 구성된다. 5G 핵심망(5GC)은 NG-RAN과 외부 패킷 데이터 망(PDN) 사이에 있으며 사용자에게 음성을 비롯한 다양한 형태의 데이터 서비스를 제공한다.3GPP는 5GC에 이동통신 업계의 새로운 기술 개념인 네트워크 기능 가상화(NFV: Network Function Virtualization) 기술과 소프트웨어 정의 네트워크(SDN: Software Defined Networking) 기술을 고려하여 다음과 같은 다양한 네트워크 기능(NF: Network Function)을 정의하고, 이 기능들로 5GC를 구성하도록 하였다. 따라서 엘티이(LTE) 핵심망(EPC)과 다르게 모든 기능들을 좀 더 유연하게 소프트웨어적으로 구현할 수 있다. - 접속과 이동성 관리 기능(AMF: Access and Mobility management Function)- 세션 관리 기능(SMF: Session Management Function)- 사용자 평면 기능(UPF: User Plane Function)- 정책 제어 기능(PCF: Policy Control Function)- 인증 서버 기능(AUSF: Authentication Server Function)- 통합 데이터 관리(UDM: Unified Data Management)- 응용 기능(AF: Application Function) - 네트워크 노출 기능(NEF: Network Exposure function)- 네트워크 저장소 기능(NRF: Network Repository Function)- 네트워크 슬라이스 선택 기능(NSSF: Network Slice Selection Function)이 기능들 중 NG-RAN과 기능적으로 연결되어 사용자 데이터를 전송하거나 제어하는 네트워크 기능은 AMF, SMF, UPF이다. AMF, SMF는 제어 평면(Control Plane)을 처리하고, UPF는 사용자 평면(User Plane)을 처리한다. LTE의 핵심망인 EPC(Evolved Packet Core)에서는 이동성 관리 장비(MME)가 제어 평면을, 서빙 게이트웨이(S-GW)와 패킷 데이터 네트워크 게이트웨이(P-GW)가 사용자 평면을 처리한다. EPC의 MME, S-GW, P-GW가 별도의 네트워크 요소로서 특정 장비 형태로 주로 구현된 반면, 5GC는 네트워크 기능(NF)들로 정의되어 있어서 EPC보다 좀 더 유연하고 가변적으로 구현될 수 있다. * 제어 평면(Control Plane): 통신 연결 설정 등 제어신호를 처리하는 개념적 평면* 사용자 평면(User Plane): 사용자의 음성 또는 데이터가 전달되는 개념적 평면"
"5세대 컴퓨터, 五世代-, Fifth Generation Computer System, 5GCS, FGCS",,"인공 지능(AI)형 컴퓨터. 전기 저항이 없는 초전도체의 초대규모 집적 회로, 병렬 처리 방식의 하드웨어, 인공 지능 소프트웨어를 사용하여 실현한다. 현재 기술로는 한정된 음성 인식과 인간의 추리를 모방할 수 있는 정도이지만, 향후 목표는 자연어 인식과 인간 지능 정도의 컴퓨팅 성능을 갖추는 것이다. 5세대 컴퓨터 실현은 진행중으로 앞으로 나노 기술과 양자 계산 기술의 발전으로 가능해질 전망이다. 일반적으로 컴퓨터 세대를 기술 발전에 따라, 진공관 기반의 메인프레임 컴퓨터를 1세대, 트랜지스터 기반의 메인프레임 컴퓨터를 2세대, 집적 회로(IC) 기반의 소형 컴퓨터를 3세대, 대규모 집적 회로(LSI)와 초대규모 집적 회로(VLSI)인 마이크로프로세서를 4세대 컴퓨터로 분류한다. 1세대부터 4세대까지는 폰노이만(von Neumann) 이론에 기초한 순차(직렬) 처리 기반 컴퓨터이다. 이에 반해, 5세대는 비 폰노이만(non von Neumann) 방식의 병렬 처리 기반의 컴퓨터이다. 1982년 일본의 국제무역산업성(Ministry of International Trade and Industry, 현 경제산업성)의 FGCS(Fifth Generation Computer Systems) 프로젝트에서 5세대 컴퓨터 용어를 사용하였다. FGCS 프로젝트는 논리 기반의 프로그래밍 언어인 프롤로그(PROLOG)를 사용하여 새롭게 데이터를 정의하고 접근하는 대규모 병렬 추론 시스템(PIM: Parallel Inference Machine) 개발을 목적으로 하였다. 그 결과로 PIM/m(256 프로세서), PIM/p(512 프로세서) 등의 시스템이 개발되었다."
"5진, 五進, quinary",,"10진 부호 방식에 근거를 둔 것으로서, 기수로 5를 사용하는 수 체계. 그 원리는 주판과 같이 1의 자리와 5의 자리로 구성되어 있다. 즉 1의 자리를 5개까지 세면 5의 자리로 자리올림을 하게 하는데, 이는 2-5진 부호로 실용화되었다."
"64k 동적 램, -動的-, 64k Dynamic RAM, 64k DRAM",,"64 킬로비트(kbit) 용량의 동적 램(DRAM, 디램)으로 8,000자 정도를 기억시킬 수 있는 초대규모 집적 회로(VLSI). 1983년 세계에서 세 번째이자 우리나라 최초로 삼성전자에서 상용화하였다. 2013년 8월 27일에 삼성전자에서 상용화한 64k DRAM이 등록문화재 제 563호로 지정되었다."
"64k 정적 램, 64k Static Random Access Memory, 64k SRAM",동의어 : 64k 에스램,"64 킬로비트(kbit) 용량의 정적 램(SRAM: Static RAM)으로 8,000자 정도를 기억시킬 수 있는 초대규모 집적 회로(VLSI)."
"68000 마이크로프로세서, 68000 microprocessor",,"모토로라사에서 개발한 마이크로프로세서. 인텔사의 마이크로프로세서 독점에 대항하여 만든 것으로 애플사의 매킨토시의 마이크로프로세서로 채택되어 사용되고 있다. 외부 메모리 및 2바이트 번지 명령어인 제로페이지를 활용하여 속도를 빠르게 하였으며, 64,000개의 명령어를 사용할 수 있도록 설계되어 속도 및 그래픽 성능 등에서 인텔 칩을 훨씬 능가하였다."
"6단위 부호, 六單位符號, six-unit code",,"한글용 인쇄 전신 부호. 스페이스 및 마크의 6개 소자로 이루어져 있다. 시작/정지식에서는 이 밖에 시작 및 정지의 두 소자가 부가되어 실제는 8단위로 되어 있다. 6단위 부호의 조합은 26＝64이며, 상하 또는 상중하의 시프트를 사용하여 그 2배 또는 3배에 가까운 부호를 대응시킬 수 있다."
"6본, IPv6 backbone, 6bone",,"인터넷 프로토콜 IPv4 망에 영향을 주지 않으면서 IPv6 관련 기술을 연구 개발하기 위한 국제적인 실험망. 인터넷 엔지니어링 태스크 포스(IETF)에서 1996년 시작되어 북미, 유럽 및 아시아 등 40여 국의 연구 기관과 라우터 벤더 등이 참여하였다. 6bone의 특징은 인터넷상에서 가상적으로 IPv6을 취급하고 있는 점이다. IPv6 기기를 접속한 랜(LAN)은 게이트웨이를 거쳐 6bone에 접속되며, 게이트웨이상에서 IPv6 패킷을 IPv4 패킷으로 변환하여 라우터가 실행하는 라우팅에 의해 수신인 주소지의 IPv6 랜에 패킷을 보내 준다. 터널링을 사용하지 않고 IPv6 전용의 기간망을 구축하여 6bone에 접속하는 시험이 일부 연구 기관에서 시행되었다. 6bone은 2006년 사용 중지되었다."
"6세대 컴퓨터, 六世代-, Sixth Generation Computer System, 6GCS, SGCS",,"인간 두뇌 능력과 가장 유사한 정보 처리 능력을 가진 지능형 컴퓨터. 인간처럼 논리적인 추론을 할 수 있는 인공 지능형의 5세대 컴퓨터를 뛰어 넘어, 인간과 유사한 지능 지수(IQ: Intelligence Quotient)를 가진다. 인공 신경망(ANN: Artificial Neural Network)과 인공 두뇌 (Artificial brain) 기술이 사용되어 스스로 생각하고 감정을 표현할 수 있다. 일부에서는 인공 신경망(ANN) 컴퓨터, 양자 컴퓨터(quantum computer) 등을 대표적인 6세대 컴퓨터로 본다."
"6투4 터널링, 6to4 tunneling",,IPv4 망에서 IPv6 망으로 전환하는 과정에서 IPv6 패킷을 IPv4 망을 통해서 전달하는 방법. IPv6로 구성된 지역망의 호스트 중 IPv4 주소를 가진 호스트에서 지역망의 IPv6 주소를 가진 패킷을 자신의 IPv4 주소로 캡슐화(encapsulation)해서 전송한다.
"7.1 채널 음향, 七點一-音響, 7.1 Channel Sound",,7개의 방향성 스피커와 1개의 서브우퍼로 구성된 서라운드 음향 청취 방식. 5개의 방향성 스피커와 1개의 서브우퍼로 구성된 기존의 5.1 채널에 양쪽 사이드에 2개의 스피커를 추가하여 입체감을 배가시킨 방식이다.
"7단위 부호, 七單位符號, seven unit code",,"1개의 문자가 7비트로 구성되는 부호. ISO 부호, KS 정보 교환용 7단위 부호, ASCII 부호 등이 이에 속한다."
"802.11ac 무선랜 표준, -無線-標準, IEEE 802.11ac","동의어 : 와이파이 5(Wi-Fi 5), 기가 와이파이(giga Wi-Fi), VHT(Very High Throughput), 초고속 무선랜 표준","5 GHz U-NII 대역에서 다중 사용자 미모(MU-MIMO: Multi-User Multiple Input Multiple Output) 기술과 직교 주파수 분할 다중(OFDM) 방식을 사용하여 최대 6.9 Gbps로 전송하는 미국 전기전자학회(IEEE)의 무선랜(WLAN) 표준. IEEE 802.11ac는 IEEE 802.11 무선랜(WLAN) WG(Working Group)에서 2013년도에 제정한 표준으로 와이파이(Wi-Fi) 얼라이언스(Alliance)에서는 Wi-Fi 5라고 부른다. 5 GHz 대역의 U-NII 대역에서 MU-MIMO 기술과 OFDM 전송방식을 사용하여 최대 6.9 Gbps의 전송속도로 정보를 전송한다. 전송대역폭은 20, 40, 80 MHz 또는 160 MHz 이고, 부운반파의 간격은 312.5 kHz이다. 따라서 80 MHz 대역폭을 사용하는 경우의 부운반파의 수는 234개이고, 160 MHz 대역폭을 사용하는 경우에는 468개이다. MU-MIMO를 사용하여 802.11ac는 최대 8개의 스트림(stream)을 여러 사용자에게 고화질의 영상정보를 전달할 수 있다는 것이 주요 특징이다. 또한 전송 효율을 높이기 위하여 최대 256 직교진폭 변조(QAM) 방식까지 사용하며 전송 대역폭을 최대 160 MHz까지 사용할 수 있다. 하향 링크(downlink) MU-MIMO를 위하여 802.11ac 표준에서는 NDPA(Null Data Packet Announcement)라는 신호 포맷을 별도로 정의하였다.사용 가능한 주파수는 5 GHz 대역의 U-NII-1(5.15~5.25 GHz), U-NII-2A(5.25~5.35 GHz), U-NII-2C(5.35~5.47 GHz) 그리고 U-NII-3(또는 ISM 대역, 5.725~5.850 GHz) 대역이다. UNII 대역을 이용하기 때문에 기기들이 충돌하지 않도록 운반파감지다중접속/충돌회피(CSMA/CA: Carrier Sense Multiple Access/Collision Avoidance) 프로토콜을 사용한다. 많은 국가가 5 GHz 대역의 U-NII 대역을 점차 확대하면서 U-NII 대역에서 무선랜(WLAN) 장비의 사용이 계속 늘었다. 160 MHz의 대역폭을 사용하는 경우 해당하는 모든 채널이 비었다는 것을 확인하여야 한다. U-NII-2 대역은 지속적 동적 주파수 선택(DFS: Dynamic Frequency Selection) 기능을 사용하여 1차 사용자가 해당 주파수를 사용하지 않는다는 것을 확인하고 사용하여야 한다. 한편 802.11ac WLAN은 이전 버전인 802.11a 규격과 호환하기 위하여 802.11a 기존(legacy) 모드의 프리앰블(preamble)을 먼저 전송하고 그다음에 VHT(Very High Throughput) 모드, 즉 802.11ac 모드로 전송한다."
"802.11ad 무선랜 표준, -無線-標準, IEEE 802.11ad","동의어 : Wigig(Wireless Gigabit Alliance), 60 GHz Wi-Fi, 60 GHz 초고속 무선랜 표준, VHT(Very High Throughput)","60 ㎓ 대역에서 광대역의 전송 대역폭과 빔 형성(beamforming) 기술을 사용하여 최대 6.75 Gbps로 전송하는 미국 전기전자학회(IEEE)의 무선랜(WLAN) 표준. IEEE 802.11 무선랜(WLAN) WG(Working Group)에서 2012년도에 제정한 표준으로 표준 명칭은 IEEE 802.11ad-2012 이다. 60 ㎓ 대역에서 광대역의 전송 대역폭(2160 MHz)과 빔 형성(beamforming) 기술을 활용하여 최대 6.75 Gbps의 전송속도를 제공한다. 따라서 대용량 데이터나 무 압축 고선명(High Definition) 비디오 등 높은 전송속도를 요구하는 동영상 스트리밍에 적합하다. 그러나 60 GHz 대역은 주파수 특성상 장애물을 통과하기 어려워 802.11n/ac처럼 집안 전체에서 사용할 수는 없고, 방 안이나 거실처럼 개방된 공간의 근거리 기기 사이에서만 사용이 가능하다. 60 GHz 대역은 6 GHz 이하의 와이파이(Wi-Fi) 대역에 비하여 10 m 당 약 22 dB의 추가 경로손실이 있다. 이 경로손실을 극복하기 위하여 송신기와 수신기 빔 방향이 서로 맞아야 한다. 그리고 기존(Legacy) 와이파이는 경쟁 기반의 CSMA/CA 방식을 사용하는 반면, 802.11ad는 경쟁 기반의 CSMA/CA와 폴링(polling) 기반의 채널 접근 방식을 혼합한 하이브리드형 매체접근제어(MAC: Media Access Control) 방식을 사용한다. 접근점(AP: Access Point) 및 단말이 지향성 안테나를 사용하므로 AP가 순차적으로 폴링(polling)할 때 각 단말의 방향을 알아야 하기 때문이다. 경쟁 기반의 매체 접근 방식은 AP와 단말의 방향이 일치하지 않으면 전송 신호를 잃어버릴 수도 있다. 이 경우 잦은 재전송으로 전송량이 전체적으로 줄어들게 된다. 물리계층 규격에는 단일 운반파(Single Carrier) 전송방식, 저전력단일운반파(Low Power Single Carrier) 전송방식 그리고 OFDM 전송방식이 있다. 단일 운반파 방식을 사용하는 경우의 최대 전송속도는 4.62 Gbps, 저전력 단일 운반파 방식을 사용하는 경우의 최대 전송속도는 2.5 Gbps 그리고 OFDM 방식의 최대 전송속도는 6.75 Gbps이다. 한편 802.11ad를 상용화하려고 와이기그(WiGig, Wireless Gigabit Alliance)가 출범하였다. 와이기그에는 삼성전자를 비롯하여 인텔, 마이크로소프트, 노키아, 델, NEC, 파나소닉, 도시바 등이 참여한다.&nbsp;&nbsp;60 GHz ISM 대역 계획&nbsp;&nbsp;&nbsp;"
"802.11af 무선랜 표준, -無線-標準, IEEE 802.11af","동의어 : Super Wi-Fi, White-Fi","TV 주파수 대역 중 지역에 따라 사용하지 않는 채널(TVWS: TV White Space)에서 직교 주파수 분할 다중(OFDM) 방식을 사용하여 양방향으로 통신하는 미국 전기전자학회(IEEE)의 무선랜(WLAN) 표준. IEEE 802.11af는 IEEE 802.11 무선랜(WLAN) WG(Working Group)에서 2014년도에 제정한 표준이다. TVWS 대역은 무선랜 주파수보다 낮은 주파수를 사용하기 때문에 감쇄가 적고 투과력이 좋아 장거리 전송에 유리하다. 넓은 지역에 서비스를 제공할 수 있어서 Super Wi-Fi 또는 White-Fi라고도 한다. 전송속도는 6 MHz 대역폭에서 하나의 스트림(stream)을 전송하는 경우 최대 26.7 Mbps이다. 공간 스트림 4개와(spatial stream) 채널 4개를 본딩(bonding)하는 경우에는 최대 전송속도가 426.7 Mbit/s로 늘어난다. 전송 대역폭은 TV 대역(54 MHz~698 MHz) 중에서 지역적으로 사용하지 않는 채널을 이용한다. 802.11af 규격은 IEEE 802.11ac-2013 표준을 TV 대역폭인 6, 7 또는 8 MHz에 맞게 제정한 표준이다. 우리나라는 TV 채널로 6 MHz 대역폭을 사용하기 때문에 6 MHz, 12 MHz, 24 MHz, 42 MHz 대역폭을 이용할 수 있다. 6 MHz 802.11af 신호의 부운반파 간격은 (6 MHz/144) = 41.6667 kHz 이다.802.11af 무선랜은 TV 대역에서 지역적으로 사용하지 않는 채널을 2차 사용자로 사용하기 때문에 인지 무선 기술을 이용하여 비어있는 유휴 채널을 찾아야 한다. 대부분의 국가에서는 지리적 위치(Geo-Location) 데이터베이스에 802.11af AP를 접속하여 유휴 채널의 정보를 제공받은 후에 적합한 채널을 등록하고 사용한다. 따라서 TV 유휴 채널을 이용하고자 하는 802.11af 무선랜은 먼저 사용 지역에서 지리적 위치 데이터베이스에 접속하여 가용 채널을 찾은 후 해당 채널을 등록하고 사용하여야 한다. 특히 TV 방송 또는 방송 기기와의 간섭을 피하기 위하여 매일 1회 이상 데이터베이스와 접속하여 해당 채널의 사용 가능성을 확인하여야 한다. TV 대역은 기존의 무선랜 보다 전파의 도달 범위가 넓어서 도서 지역이나 산간 지역의 무선 인터넷 서비스나 산불 감시 등에 유용하게 사용한다."
"802.11ax 무선랜 표준, -無線-標準, IEEE 802.11ax","동의어 : 802.11HE(High Efficiency), 와이파이 6(Wi-Fi 6), 고효율 무선랜 표준","다양한 전파 환경에서 전송 효율을 향상하기 위하여 다중 사용자 미모(MU-MIMO) 기술과 직교 주파수 분할 다중 접속(OFDMA) 방식을 사용한 미국 전기전자학회(IEEE)의 무선랜(WLAN) 표준. IEEE 802.11ax는 다양한 전파 환경에서 전송효율을 향상하기 위한 표준이다. 이 표준은 와이파이(Wi-Fi) 얼라이언스(Alliance)에서는 Wi-Fi 6라고 하며 2.4 GHz ISM 대역과 5 GHz U-NII 대역을 포함하여 1~7 GHz 대역에서 동작이 가능하다. 802.11ax는 접근점(AP: Access Point)이 밀집된 환경에서 전송효율을 802.11ac보다 4배 이상 높여 전송 용량을 증대시킨다. 또한 실외 환경에서도 심벌(symbol) 간 간섭(ISI: Inter-Symbol Interference) 없이 사용할 수 있고, IoT 용도로도 사용할 수 있다. 이를 위하여 802.11ax는 802.11a/g/n/ac의 핵심기술인 OFDM 방식을 OFDMA 방식으로 변경하였다. 따라서 부운반파(subcarrier)를 자원(RU: Resource Unit) 단위로 묶어서 단말(station)마다 서로 다른 RU를 할당함으로써 OFDMA가 가능하다. 802.11ax는 세 가지 특징이 있다. 첫째, RU는 사용이 가능한 대역폭에 따라 26, 52, 106, 242, 484, 996 그리고 부운반파 2 x 996 개로 구성된다. 둘째, 기존의 무선랜(WLAN)이 실내 공간에서 사용한다는 가정 아래 OFDM의 보호시간(guard time)을 800 ns로 규정하였다. 그러나 802.11ax에서는 실외 공간에서도 사용이 가능하도록 보호시간(guard time)을 800 ns는 물론 1.6 μs와 3.2 μs를 추가하였다. 이를 위하여 OFDM의 부운반파 간격을 기존의 312.5 kHz에서 78.125 kHz로 변경하였다. 셋째, 하향 링크(downlink)는 물론 상향 링크(uplink)에서도 MU-MIMO 기술을 사용한다. 또한 전송대역폭은 20, 40, 80 MHz 또는 160 MHz 까지 사용할 수 있다. 전송효율을 높이기 위하여 최대 1024 QAM 변조 방식까지 사용할 수 있다. 사용 가능한 주파수는 5 GHz 대역의 U-NII-1(5.15~5.25 GHz), U-NII-2A(5.25~5.35 GHz), U-NII-2C(5.35~5.47 GHz) 그리고 U-NII-3(또는 ISM 대역, 5.725~5.850 GHz) 대역이다. UNII 대역을 이용하기 때문에 기기가 서로 충돌하지 않도록 운반파 감지 다중접속/충돌 회피(CSMA/CA: Carrier Sense Multiple Access/Collision Avoidance) 프로토콜을 사용한다. 많은 국가가 5 GHz 대역의 U-NII 대역을 점차 확대함에 따라 U-NII 대역에서 WLAN 장비 사용이 계속 늘고 있다. 160 MHz의 대역폭을 사용하는 경우에는 해당하는 모든 채널이 비어 있는지를 확인하여야 한다. U-NII-2 대역을 사용하는 경우에는 지속적 동적 주파수 선택(DFS: Dynamic Frequency Selection) 기능을 사용하여 1차 사용자가 해당 주파수를 사용하지 않는다는 것을 확인하고 사용하여야 한다. 한편 802.11ax WLAN은 이전 버전인 802.11a 규격과 호환성을 갖는다. 이를 위하여 802.11a 기존(Legacy) 모드의 프리앰블(Preamble)을 먼저 전송하고 그다음에 802.11ax 모드로 전송한다."
"802.11ay 무선랜 표준, -無線-標準, IEEE 802.11ay",,"60 ㎓ ISM 대역에서 채널 본딩(bonding) 기술, 운반파 묶음(Carrier Aggregation) 그리고 다중 사용자 미모(MU-MIMO) 기술을 사용하여 최대 176 Gbps로 전송하는 미국 전기전자학회(IEEE)의 무선랜(WLAN) 표준. IEEE 802.11 무선랜(WLAN) WG(Working Group)에서 802.11ad를 개선하기 위하여 만든 표준 규격이다. 채널 4개를 본딩하여 최대 8.64 GHz의 대역폭을 사용하고 256 QAM 변조방식과 MU-MIMO를 이용하여 스트림 4개를 동시에 보내는 방식으로 최대 176 Gbps의 전송속도를 제공한다. 기존 802.11ad와 호환성을 유지하기 위하여 전송 프레임 시작은 802.11ad 모드로 시작하고 다음에 802.11ay 모드가 이어진다. 또한 실외에서도 사용할 수 있도록 최대 전송 거리를 500 m로 확장하였다. 가정이나 사무실에서 사용하는 이더넷 케이블을 대체하거나 백홀망으로 사용할 수 있다. &nbsp;&nbsp;60 GHz ISM 대역 계획&nbsp;&nbsp;"
"802.11a 무선랜 표준, -無線-標準, IEEE 802.11a",,"5 GHz U-NII 대역에서 직교 주파수 분할 다중(OFDM) 방식을 사용하여 최대 54 Mbps로 전송하는 미국 전기전자학회(IEEE)의 무선랜(WLAN) 표준. * U-NII(U-NII: Unlicensed National Information Infrastructure) 대역은 미국에서 사용하는 5GHz 면허 불필요 무선 주파수 대역이다.IEEE 802.11a는 IEEE 802.11 WG(Working Group)에서 1999년도에 제정한 표준이다. 5 GHz U-NII 대역에서 OFDM 전송방식을 사용하여 최대 54 Mbps의 속도로 전송한다. 전송대역폭은 20 MHz이고, 부운반파(subcarrier)의 간격은 312.5 kHz이다. 총 64개의 부운반파 중에서 부운반파 52개를 사용한다. 나머지 부운반파 12개 중에서 대역의 양쪽 끝에 있는 11개(좌측 부운반파 6개, 우측 부운반파 5개)는 인접 대역에 미치는 간섭을 줄이기 위하여 사용하지 않는다. 그리고 DC에 해당하는 중앙에 있는 부운반파 1개도 사용하지 않는다. 채널 상태에 따라 변조 및 부호화 방식을 변경하여 6~54 Mbps의 전송속도를 가진다. 사용 가능한 주파수는 5 GHz 대역의 U-NII-1(5.15~5.25 GHz), U-NII-2A(5.25~5.35 GHz), U-NII-2C(5.35~5.47 GHz) 그리고 U-NII-3(또는 ISM 대역, 5.725~5.850 GHz)대역이다. UNII 대역을 이용하기 때문에 기기가 서로 충돌하지 않도록 운반파 감지 다중접속/충돌 회피(CSMA/CA: Carrier Sense Multiple Access/Collision Avoidance) 프로토콜을 사용한다. 2.4 GHz 대역(2.40~2.4835 GHz)에는 블루투스(bluetooth), 지그비(zigbee), 802.11b/g/n 등 다양한 소출력 장비가 있어 혼잡하다. 반면에 5 GHz 대역은 대역폭이 수백 MHz로 매우 넓은 데다가 이 대역을 이용하는 소출력 장비가 적어 채널 이용이 원활하다. 많은 국가가 5 GHz 대역의 U-NII 대역을 점차 확대하면서 U-NII 대역에서 WLAN 장비 사용이 계속 늘어나고 있다. 다만 U-NII-2 대역은 지속적 동적 주파수 선택(DFS: Dynamic Frequency Selection) 기능이 필요하다. 한편 802.11a WLAN은 이전 버전인 802.11b와 호환성이 없다. 왜냐하면 802.11b 표준은 보수 코드 방식(CCK: Complementary Code Keying)을 사용하지만 802.11a는 OFDM 방식을 사용하기 때문이다. 따라서 2.4 GHz 대역을 사용하는 802.11b 접속점(AP: Access Point)과 통신을 하려면 802.11b 모뎀을 추가로 설치하여 이중 대역(dual-band) 또는 이중 모드(dual-mode)로 사용하여야 한다.5GHz U-NII 대역 (출처: FCC-13-22)&nbsp;"
"802.11b 무선랜 표준, -無線-標準, IEEE 802.11b",,"2.4 GHz ISM 대역에서 보수 코드 방식(CCK: Complementary Code Keying)을 사용하여 최대 11 Mbps로 전송하는 미국 전기전자학회(IEEE)의 무선랜(WLAN) 표준. IEEE 802.11b는 IEEE 802.11 무선랜(WLAN) WG(Working Group)에서 1999년도에 제정한 표준이다. 2.4 GHz ISM 대역에서 CCK 방식을 사용하여 최대 11 Mbps의 전송속도로 정보를 전송한다. 기존 802.11 표준이 22 MHz의 대역폭에서 Barker code를 사용하여 1 또는 2 Mbps를 전송하던 단점을 보완하기 위하여 확산 부호(spreading code)의 길이를 11비트에서 8비트로 줄였다. 직교위상편이변조 (QPSK) 정보와 배타적 논리합 (XOR, Exclusive OR) 연산 값을 차동직교위상편이변조방식(DQPSK: Differential Quadrature Phase Shift Keying)으로 전송한다. 한번에 8비트의 정보를 8비트의 CCK로 전송하기 때문에 전송속도가 11 Mbps로 향상되었다. 즉, 8 * (11/8) = 11 Mbps가 된다. 한번에 4 비트씩 전송하는 CCK 방식의 전송속도는 5.5 Mbps이다. 사용 가능한 주파수는 2.4 GHz 대역의 ISM 대역이고 이 대역을 사용하기 때문에 기기들이 서로 충돌하지 않도록 운반파 감지 다중접속/충돌회피(CSMA/CA: Carrier Sense Multiple Access/Collision Avoidance) 프로토콜을 사용한다. 2.4 GHz 대역(2.40~2.4835 GHz)에는 블루투스(bluetooth), 지그비(zigbee), 802.11b 등 다양한 소출력 장비가 있어 이들 장치와 와이파이(Wi-Fi)간에 간섭을 일으킬 수 있다. 특히 2.4 GHz ISM 대역의 채널이 5 MHz 단위로 설정되어 최대 14개의 채널 설정이 가능하다. 따라서 접근점(AP: Access Point)이 중심 주파수를 설정할 때 간섭의 관점에서 주의가 필요하다. 정부에서는 채널을 효율적으로 이용하기 위하여 AP의 중심 주파수로 채널 1, 6, 11을 선택하여 사용할 것을 권장한다. 한편 802.11b는 와이파이(Wi-Fi) 얼라이언스(Alliance)에서 상호 호환성(interoperability)를 검증하였다. 시장에 출시한 후 장비가 매우 빠르게 확산되어 이후 다양한 WLAN 표준이 탄생하는 토대가 되었다."
"802.11g 무선랜 표준, -無線-標準, IEEE 802.11g",,"2.4 GHz ISM 대역에서 직교 주파수 분할 다중(OFDM) 방식을 사용하여 최대 54 Mbps로 전송하는 미국 전기전자학회(IEEE)의 무선랜(WLAN) 표준. IEEE 802.11g는 IEEE 802.11 무선랜(WLAN) WG(Working Group)에서 2003년도에 제정한 표준이다. 2.4 GHz ISM 대역에서 OFDM 전송방식을 사용하여 최대 54 Mbps의 전송속도로 정보를 전송한다. 전송대역폭은 20 MHz이고, 부운반파의 간격은 312.5 kHz이다. 총 64개의 부운반파 중에서 52개를 사용한다. 나머지 부운반파 12개 중에서 대역의 양쪽 끝에 있는 11개(좌측 부운반파 6개, 우측 부운반파 5개)는 인접대역에 미치는 간섭을 줄이기 위하여 사용하지 않는다. 그리고, DC에 해당하는 중앙에 있는 부운반파 1개도 사용하지 않는다. 최대 전송속도는 54 Mbps이나 채널 상태에 따라 변조 및 부호화 방식을 변경하여 6~54 Mbps의 범위에서 통신한다. 802.11a와는 달리 2.4 GHz ISM 대역을 사용하기 때문에 기기들이 서로 충돌하지 않도록 운반파감지다중접속/충돌회피(CSMA/CA: Carrier Sense Multiple Access/Collision Avoidance) 프로토콜을 사용한다. 802.11a 무선랜(WLAN)은 5 GHz 대역에서 사용하는 반면에 802.11g는 2.4 GHz 대역에서 사용한다. 802.11g은 전송속도가 802.11a처럼 빠르면서 802.11b와 하드웨어(hardware)에서 호환이 되는 장점이 있다. 그러나 802.11g의 성공적인 등장으로 2.4 GHz 대역은 더욱 혼잡하게 되어 간섭 문제가 심각해졌다. 2.4 GHz 대역의 간섭을 줄이기 위하여 정부에서는 AP의 중심 주파수를 채널 1, 6, 11로 선택하여 사용할 것을 권장하고 있다."
"802.11h 무선랜 표준, -無線-標準, IEEE 802.11h",,"미국 전기전자학회(IEEE)에서 우선 사용자(primary user)와 와이파이(Wi-Fi)가 5 GHz 대역의 U-NII-2 밴드 주파수를 공동으로 사용할 수 있도록 제정한 무선랜(Wireless LAN) 표준.* U-NII(U-NII: Unlicensed National Information Infrastructure) 대역은 미국에서 사용하는 5GHz 면허 불필요 무선 주파수 대역이다.&nbsp;&nbsp;5 GHz 대역은 레이더(radar) 장비와 위성 통신 등에 주로 사용한다. 와이파이(Wi-Fi) 이용이 점차 늘어나 추가 대역이 필요하게 되면서 IEEE 802 위원회에서는 Wi-Fi 기기가 5GHz 대역의 U-NII-2 밴드를 사용하는 1순위 업무에 간섭을 주지 않으면서 U-NII-2 밴드를 이용할 수 있도록 802.11h 무선랜 표준을 제정하였다. 802.11h 무선랜 표준은 동적 주파수 선택(DFS: Dynamic Frequency Selection)과 송신 전력 제어(TPC: Transmit Power Control) 기술을 다루는 표준 규격이다. DFS는 Wi-Fi 기기가 1순위 업무에 간섭을 주지 않게 U-NII-2 밴드를 사용하는 절차와 방법을 규정하고, TPC는 1순위 업무에 미치는 간섭을 줄이기 위하여 송신 전력을 제어하는 방법을 규정한다. 유럽이 요구하여 제정하였으나 이후 미국, 한국, 일본 등 여러 나라에서 사용한다."
"802.11i 무선랜 표준, -無線-標準, IEEE 802.11i",,"미국 전기 전자 학회(IEEE)에서 제정한 IEEE 802.11 무선랜 보안 표준의 2004년도 수정판. 무선랜 사용자 보호를 위하여 사용자 인증 방식, 키 교환 방식, 무선 구간 암호화 알고리즘을 정의한다. 사용자 인증 방식은 IEEE802.1x를 기반한 접근 제어를 정의하고, 인증 서버에 의한 인증을 수행한다. 표준 키 교환 방식은 4-Way 핸드셰이크 방식을 사용하고, 암호화 알고리듬은 WEP의 알고리듬의 취약성을 해결한 TKIP(Temporal Key Integrity Protocol)와 AES(Advanced Encryption Standard) 알고리듬을 사용한다."
"802.11n 무선랜 표준, -無線-標準, IEEE 802.11n","동의어 : HT(High Throughput), 와이파이 4(Wi-Fi 4), 고속 무선랜 표준","미모(MIMO) 기술과 직교 주파수 분할 다중(OFDM) 방식을 사용하여 최대 600 Mbps로 전송하는 미국 전기전자학회(IEEE)의 무선랜(WLAN) 표준. IEEE 802.11 무선랜(WLAN) WG(Working Group)에서 2009년에 제정한 표준으로 공식 명칭은 IEEE 802.11n-2009이다. 이를 줄여서 802.11n이라고 하는데 Wi-Fi(와이파이) 얼라이언스(Alliance)에서는 Wi-Fi 4라고도 한다. IEEE 802.11n은 IEEE 802.11a/g보다 전송속도, 서비스 범위 그리고 신뢰성을 향상시킨 표준이다. 2009년에 표준화가 완료된 이후 상용화가 급속히 진행되어 현재 널리 사용된다. 2.4 GHz 대역과 5 GHz 대역에서 사용할 수 있으며 최대 전송속도는 600 Mbps 이다. 전송속도 산출 근거는 4 스트림(stream) x 6 (64 QAM) x 5/6 (channel coding) x 108 부운반파(subcarrier) / 3.6 μs = 600 Mbps 이다. 전송속도를 높이기 위하여 4 x 4 MIMO 기술과 64 QAM 변조기술 그리고 40 MHz 대역폭을 이용한다. 특히 802.11a/g와 호환성을 위하여 혼합 포맷(mixed format)을 사용한다. 사용 가능한 주파수는 2.4 GHz ISM 대역과 5 GHz 대역의 U-NII-1(5.15~5.25 GHz), U-NII-2A(5.25~5.35 GHz), U-NII-2C(5.35~5.47 GHz) 그리고 U-NII-3(또는 ISM 대역, 5.725~5.850 GHz) 대역이다. 이 대역들을 이용하기 때문에 기기 사이에 충돌하지 않도록 운반파 감지 다중접속/충돌회피(CSMA/CA: Carrier Sense Multiple Access/Collision Avoidance) 프로토콜을 사용한다. 2.4 GHz 대역(2.40~2.4835 GHz)에는 블루투스(bluetooth), 지그비(zigbee), 802.11b 등 다양한 소출력 장비가 있어 혼잡하다. 반면에 5 GHz 대역은 대역폭이 수백 MHz로 매우 넓은 데다가 이 대역을 이용하는 소출력 장비가 적어 전송이 쉽다. 많은 국가가 5 GHz 대역의 U-NII 대역을 점차 확대하면서 U-NII 대역에서 WLAN 장비 사용이 계속 늘어나고 있다. 다만 U-NII-2 대역은 지속적 동적 주파수 선택(DFS: Dynamic Frequency Selection) 기능이 필요하다."
"802.11p 무선랜 표준, -無線-標準, IEEE 802.11p",,"미국 전기전자학회(IEEE)가 고속으로 이동하는 차량 간(Vehicle-to-Vehicle) 또는 차량과 노변 기지국(Road Side Unit) 사이의 무선 통신을 위해 제정한 무선랜(Wireless LAN) 표준. IEEE 802.11p 무선랜 표준은 IEEE 802.11a 무선랜 표준 기술을 토대로 지능형 교통 체계(ITS: Intelligent Transport Systems) 환경에 맞게 직교 주파수 분할 다중(OFDM: Orthogonal Frequency Division Multiplexing) 전송 규격을 수정한 표준이다. 통상 WAVE(Wireless Access in Vehicular Environments) 라고 한다. IEEE 802.11p 무선랜 표준은 1 km의 서비스 범위에서 고속으로 이동하는 차량과 노변 기지국 사이에 통신할 수 있다. 차량의 고속 이동으로 생기는 도플러(doppler) 주파수는 채널 추정 및 보상을 정교하게 처리하여 해결하고, 기존 와이파이(Wi-Fi)에서 제공하던 100 m 이내 서비스 범위를 1 km까지 확대하기 위해 OFDM 신호의 보호 구간(guard interval)을 802.11a/g/n의 0.8 ㎲ 보다 2배 긴 1.6 ㎲ 로 변경하였다. 이는 서비스 범위가 넓어지면서 다중 반사파의 지연 확산이 커지기 때문에 보호 구간을 늘려서 OFDM 신호의 인접 심벌(symbol) 간에 생길 수 있는 간섭을 줄이기 위함이다. 첨단 운전자 지원 시스템(ADAS: Advanced Driver Assistance Systems)의 발달과 함께 3GPP에서도 C-V2X(Cellular Vehicle-to-Everything) 기술을 표준화하였다. C-V2X와 IEEE 802.11p는 서로 경쟁 관계에 있다. 우리나라를 포함하여 미국 등의 국가에서는 ITS 서비스를 위한 주파수로 5.9 GHz (5.85 ~ 5.925 GHz)를 분배하고, IEEE 802.11p 규격에 맞게 세부 밴드 계획을 수립하였으나 C-V2X의 등장과 와이파이(Wi-Fi) 대역의 추가 주파수 요구 등으로 5.9 GHz 대역의 밴드 계획을 재조정할 필요가 있다."
"802.11s 무선랜 표준, -無線-標準, IEEE 802.11s",,"미국 전기 전자 학회(IEEE)에서 제정한 IEEE 802.11 무선 그물형 망(mesh network) 표준. 무선랜 접근점(AP)을 네트워크로 구성하여 애드혹(ad-hoc) 네트워크를 이용하여 서비스 영역을 확대하기 위한 기술 표준이다. 무선랜 기반 메시 네트워크는 낮은 설치 비용, 자가망 구성(self-configuration), 자동 복구(self-healing), 넓은 서비스 지역, 동적 경로 구성 등의 장점이 있다."
"802.11u 무선랜 표준, -無線-標準, IEEE 802.11u",,이동 통신 장치가 다른 통신망과 상호 접속하기 위한 IEEE 802.11 표준. 예를 들면 랩톱 컴퓨터나 다중 모드 휴대폰이 IEEE 802.11u 표준을 사용하여 핫스폿 영역에서 무선 랜(WLAN) 망에 접속할 수 있다. 그러므로 위와 같은 연동을 위하여 GAS(Generic Advertisement Service)와 ANQP(Access Network Query Protocol) 등의 네트워크 디스커버리(network discovery)와 선택을 위한 프로토콜이 사용된다.
"80-20 법칙, 八十二十-法則, 80-20 rule",,프로그램의 20% 부분이 프로그램 실행 시간의 80%를 소비하는 경향이 있다고 하는 경험 원칙. 프로그램의 효율을 향상시키기 위해서는 이 20% 부분의 개량에 중점을 두면 좋다. 0-20 법칙이라고도 한다.
"8-14 변조, -變調, Eight-to-Fourteen Modulation, EFM",,"CD 형식의 소스 데이터를 부호화하는 방식의 하나. 자기 매체는 1바이트가 8비트이고, CD-ROM과 같은 광 매체는 14비트이므로 레이저로 데이터를 읽고 저장하기 위해 디스크상의 고랑(pit)과 두둑(land)을 이용한 변조가 필요하다. 자기 매체에서 광 매체로 변환시 8비트 바이트는 14비트 바이트로 변조되고, 반대로 광매체를 읽을 때에는 14비트 광 코드가 8비트 코드로 복조된다."
"88 공개 컨소시엄, 八八公開-, 88 open consortium",,"축소 명령 집합 컴퓨터(RISC) 칩의 하나인 88,000 프로세서(모토롤라사 제품)를 워크스테이션에 채택하고 있는 제조업체들의 집단. 응용 프로그램 2진 인터페이스(ABI) 공통화 등의 활동을 하고 있으며 유니시스(Unisys)사, 데이터 제너럴(Data General)사, 모터롤라사 등이 가입하고 있다."
"8kHz 완전성, 八-完全性, 8kHz integrity",,"종합 정보 통신망(ISDN) 정보 구조(Information structure of ISDN)의 속성값으로, 정보를 8 비트(옥텟) 단위로 분리하는 8kHz 시간 정보 구조의 완전성을 의미.회선 교환 방식의 정보 전달에는 정보(예: 64kbps) 전송에 추가하여 8kHz의 시간 정보 구조(timing information structure)가 동시에 전달된다. 8kHz 완전성이 적용되는 경우는 각 사용자-망 인터페이스(UNI)에서 8kHz 시간 정보 구조가 전송되고, 이에 해당하는 125ms의 시간 간격 내에 전송된 8 비트 단위의 정보가 분리되지 않고 그대로 해당 단일 시간 간격 내에 착신 접속점에 전달되는 경우이다.&nbsp;ISDN 정보 구조의 속성값으로는 8kHz 완전성 외에 서비스 데이터 단위 완전성(SDU integrity), 시간 슬롯 순서 완전성(TSSI), 제한 차등 시간 지연 8kHz 완전성(RDTD), 비구조(unstructured) 등이다"
"8단계 잔류 측파대, 八段階殘留側波帶, 8-level Vestigial SideBand, 8-VSB",동의어 : 8레벨 잔류 측파대,"8 단계의 변조 신호 레벨과 잔류 측파대(VSB) 변조 기술을 사용한 디지털 텔레비전(TV) 전송 방식. 미국의 방송 규격을 제정하는 ATSC(Advanced Television Systems Committee)에서 정한 디지털 지상파 TV 표준 전송 방식으로, 우리나라의 지상파 디지털 TV 방송 방식도 이 기술에 근거를 두고 있다. 디지털 TV의 전송 방식은 유럽과 일본의 직교 부호화 주파수 분할 다중 방식(COFDM) 방식과 미국의 8단계 잔류 측파대(8-VSB) 방식으로 나뉜다. 미국의 8-VSB 방식은 기존 아날로그 TV와 호환하기 위해 기존의 6MHz 대역폭에19.39Mbps(동기 비트를 제외한 유효 데이터 속도는 19.28Mbps)의 속도로 데이터를 송신하며, 비디오 압축에는 엠펙-2(MPEG-2), 오디오 코딩에는 돌비 디지털 기술을 사용한다."
"8단위 부호, 八單位符號, eight unit code",,"8비트로 1문자를 표시하는 부호. 원래 영문용으로 5단위, 한글은 6단위, 틀린 글자가 없는 전송용으로 1단위를 증가시켜 7단위로 하였으나, 취급 정보 종류의 증가와 컴퓨터의 발달로 과학용으로 6단위, 사무용으로 8단위가 되었다. 8단위 부호에서 숫자는 8-4-2-1 부호, 한글 및 영문은 2진법에 패리티 검사 비트를 조합하여 사용한다. 8단위 부호는 정보 교환용 부호로서 국제 표준화 기구(ISO)가 국제적 통일을 기하고 있다."
"8바이트 정수형, 八-整數型, 8-byte integer type",,"정수값을 정확하게 표현한 것으로, 8바이트의 기억 영역을 차지하는 데이터형."
"8 비트 마이크로컴퓨터, 8-bit microcomputer",,"8비트 단어 크기를 가진 처리기를 사용하는 시스템. 컴퓨터 구조에서 8비트 정수, 메모리 주소, 다른 데이터 장치들은 8비트 너비의 영역을 갖는다. 또, 8비트 CPU, ALU 구조는 이러한 크기의 레지스터, 주소 버스, 데이터 버스에 기반을 두고 있다."
"8위상 편이 방식, 八位相偏移方式, Octal Phase Shift Keying, OPSK",,반송파의 위상을 나타내는 원주상에 같은 간격으로 배치된 8개소의 부호점상에 위상이 변화하도록 변조해서 신호 전송을 하는 위상 편이 방식(PSK).1개의 위상 변화로서 3 비트를 나타낼 수 있다.
"8자형 특성, 八字型特性, figure-8 pattern",,"루프 안테나의 지향 특성으로, 안테나면 내에 최대 이득이 있는 코사인 특성."
"90-10 법칙, 九十十-法則, 90-10 rule",,프로그램의 10% 부분이 프로그램 실행 시간의 90%를 소비하는 경향이 있다고 하는 경험 원칙. 프로그램의 효율을 향상시키기 위해서는 이 10% 부분의 개량에 중점을 두는 것이 좋다. 80-20의 법칙이라고도 한다.
"99.999, five 9s",,"컴퓨터에서 바람직한 시스템 가용성을 퍼센트(99.999%)로 나타낸 것. 시스템은 대게 고도의 가용성을 가지며, 실험에 의하면, 1년에 장애 시간이 총 5.26분 이하가 되는 경우이다. 99.999% 가용성 접근 방법으로 고도의 가용성 설계(백업 설비), 공유 콤포넌트 시스템(백업 시스템), 집단화(clustering) 방법이 있다."
"9 건너뛰기 자리올림, 九-, standing-on-nines carry",,"10진수로 표시된 수의 병렬 덧셈에서, 어떤 숫자 위치의 현재 덧셈 결과가 9일 때, 그 숫자 위치로의 자리올림을 다음의 숫자 위치로 건너뛰어 9를 0으로 바꾸는 기법."
