제목,국문초록(예측),영문초록(예측)
코로나 19 에 맞선 동남아의 대응: 초기 대처과정의 잠정적 함의,"입국통제와 지역봉쇄, 일련의 거리두기 조치로 요약되는 각국 정부의 코로나19 대응책은 적용 시기와 범위, 강도 면에서 차이가 있고, 그 결과는 연일 집계되는 확진건수와 사망건수의 차이로 가시화되고 있다. 본 논문은 이 점에 주목하여 동남아 각국 정부가 내놓은 코로나19 대응책의 시계열적 변화와 보건의료역량에 대한 비교검토를 통해 초기대응과 방역 성패 간의 관계를 논의하고자 한다.  베트남과 싱가포르, 브루나이 등의 국가가 이룩한 성과는 방역의 핵심이 감염 확산 전 초기 단계에서의 치밀한 검역과 적극적인 진단, 공중보건의료역량의 신속하고 전면적인 동원임을 말해준다. 반면 조기에 감염 확산을 막지 못한 국가들의 경우 강도 높은 사회통제 조치에 의존한 결과 사회안전망의 위기와 의료체계의 과부하에 따른 사망자 속출 사태에 직면하기에 이르렀다. 코로나19 사태는 감염병대응전략이 보편적 건강보장과 사회안전망의 강화를 위한 노력에 기초해야 한다는 사실을 일깨워주고 있다.  코로나19의 초국적 전개는 감염 확산을 억제하기 위한 국제사회의 공조와 협력을 긴급한 과제로 호출하고 있다. 4월 14일 개최된 아세안+3(한·중·일) 특별화상정상 회의는 코로나19에 대한 공동대응과 포스트 팬데믹 회복을 위한 국제적 공조의 첫 걸음으로 평가할 수 있다. 동아시아가 코로나19 시대의 ‘희망지대’로 부상한 지금이야말로 위기공동대응체계의 실질적 가동을 위한 노력에 박차를 가할 때다. -->","Government responses to COVID-19, which are summarized by immigration control, lockdown, and a series of distance-keeping measures, differ in terms of the time, scope, and intensity of their application, and the results are visualized by the differences in the number of confirmed cases and death toll every day. This paper, focusing on this point, attempts to analyze the relationship between the initial responses of the COVID-19 put forward by governments in Southeast Asian countries and their achievements.  Countries such as Vietnam, Singapore and Brunei have successfully contained the spread of the virus, and the achievements of these countries indicates that the meticulous quarantine and proactive diagnosis at the ‘early stage’ before the spread of infection, and the rapid and comprehensive mobilization of public health capabilities are key to curbing the spread of the infection. However, countries that failed to prevent the spread of the virus at the early stage, belatedly implemented high-intensity social control measures, but faced a death toll spike due to the overload of the medical system. The COVID-19 crisis reminds us that the infectious disease response strategy should be based on efforts to strengthen universal health coverage system and social safety nets.  The transnational development of COVID-19 calls for international cooperation and coordination to curb the spread of infection as an urgent task. The Special ASEAN+3(the Republic of Korea, China and Japan) Summit on COVID-19 via videoconference on 14 April, can be evaluated as the first step in international cooperation for joint response to COVID-19 and post-pandemic recovery. Now that East Asia has emerged as the “hope zone” of the COVID-19 era, it is time to accelerate efforts to put the joint crisis response system into action."
바이러스 관광위기 극복을 위한 재난회복탄력성 탐색적 연구:'코로나 19'(COVID-19) 재난을 중심으로,"오늘날 범세계화 시대에 있어 재난상황의 발생 시 관광산업은 재난에 있어 발생하는 불안과 공포에 기인되는 관광위험의 인지로 인한 행동의 제약, 즉 관광욕구의 감소 및 소비의 소극성이 필연적으로 발생하기에 관광산업의 생태계를 심각하게 위협한다. 이에 본 연구에서는 사상 초유의 펜데믹(세계적 감염병 대유행) 선언이 된 ‘코로나-19’의 바이러스 재난상황을 중심으로 과거의 바이러스 재난의 사례와 국내·외 경제상황과 관광산업의 피해상황을 살펴보고, 현재 발생된 관광위기를 보다 현명하고 효율적으로 타계할 수 있는 재난회복탄력성향상의 방안을 제시하고자 하였다. 재난위기상황의 극복하는 시간을 줄이고 일상의 상태로 회복기 위해서는 심리적 차원과 현실적 차원 모두 고려하는 대책방안의 수립이 필요하기에 최우선적으로 관광산업을 이해한 정책적 지원체계가 보편적 지원과 선별적 지원정책으로 나뉘어 추진되어야 할 것이고 재난위기상황을 미리 대응하기 위한 관광기금의 조성, 피해액의 최소화를 위한 보험 및 약관 정비 등 관광산업의 특성에 맞는 위기대응 매뉴얼화를 통한 제도적 시스템이 구축이 뒷받침 되어야 할 것이다. 또한 관광사업체간의 강력한 커뮤니티 연대를 통한 협력구조의 강화가 필요할 것이며 동시에 관광산업의 종사자들 대상으로 위기관리의 교육프로그램의 도입이 필요할 것이다. 마지막으로 바이러스가 진정되는 시점부터 ‘코로나블루(전염병 사회활동위축으로 인한 우울감’)와 관광소비가 반등되는 ‘펜트업 효과’ 나타날 것이므로 정부와 지방정부는 관광소비 촉진 노력과 관광서비스 공급체계를 회복시키고, 경제 활성화에 기여할 수 있는 미시적·거시적 대책을 수립하여야 한다. 현재의 ‘코로나-19’ 재난상황이 종식된 후에 실증적 데이터에 기반하는 연구와 국·내외의 학제적 연구가 추가로 이루어진다면 더 실효성 있는 재난회복탄력성 향상 방안이 수립 될 수 있을 것으로 기대된다. -->","In the current global era, the occurrence of disaster situation severely threatens the ecosystem of tourism industry as it is inevitable to have the limited actions such as decrease of desire for tourism &amp;  passive consumption due to the cognition of tourism risk resulting from anxiety &amp;  fear of disaster. Thus, this study aimed to examine the past cases of virus disaster, domestic·foreign economic conditions, &amp;  damage to tourism industry focusing on the virus disaster situation of ‘COVID-19’ that has been unprecedentedly declared as p&amp; emic, &amp;  also to suggest the measures for the improvement of disaster resilience that could more wisely &amp;  efficiently break through the current tourism crisis. As it would be necessary to establish the coping measures considering both psychological dimension &amp;  realistic dimension to reduce the time to overcome the disaster crisis &amp;  also to go back to the condition of daily life, the institutional support system underst&amp; ing the tourism industry as the first priority should be divided into universal support &amp;  selective support policy. It would be also needed to establish the institutional system through the crisis-coping manuals suitable for the characteristics of tourism industry such as raising the tourism funds for coping with disaster crisis in advance, &amp;  modifying the insurance &amp;  terms for minimizing damage. On top of strengthening the cooperative structure through the strong community solidarity between tourism businesses, it would be also necessary to introduce the crisis management educational programs for the employees of tourism industry. Lastly, from the moment when the virus is settled, there would be ‘Corona Blue’(depression caused by the epidemic &amp;  limited social activities) &amp;  ’Pent-up effect’(rebounded tourism consumption), so that there should be the microscopic· macroscopic measures that could contribute to the promotion of tourism consumption, recovery of tourism service supply system, &amp;  the economic vitalization. If there are additional domestic·foreign academic researches &amp;  some researches based on empirical data after the current disaster situation of ’COVID-19’ comes to an end, more effective measures for the improvement of disaster resilience could be established."
관광지를 재방문하는 이유,"본 연구결과를 기초로 한 연구의 시사점은 다음과 같다. 첫째, 관광객을 관광지에 재방문하게 하려면 관광지 신뢰와 감성을 증대시켜야 한다. 관광지 신뢰를 증대시키는 요인은 이성적 요인으로 관광지의 환경을 편리하고 청결하게 조성해야 한다. 반면에 관광지 감성을 증대시키는 요인은 성적 요인으로 타 관광지와 구별될 수 있는 독특한 이미지, 문화적 이미지를 구성해야 한다. 관광지의 운영 프로그램은 관광지 재방문의 이성적, 감성적 요인이다.","In order to attract tourists to revisit tourist site, it is known that the trust and feeling of tourist site should be increased. Policy makers need to consider that they should increase the trust of tourist site andmake tourist site environments clean and convenient. The tourist site trust is a rational factor. And other things that should be kept in mind are that practitioners should build up unique and cultural images. They are different from other tourist sites. The feeling of tourist site is a emotional factor. The operational programof tourist site is a rational and emotional factor of revisit to tourist site."
코로나 팬더믹 사태 (COVID-19) 에서 빅데이터거버넌스에 관한 공법적 고찰,"빅데이터와 같은 4차 산업혁명 기술의 약진은 우리 생활에 많은 편리와 유익을 준다. Covid–19 코로나 팬더믹 사태에서도 빅데이터 기술이 사회적 거리두기 현황, 발열 감지, 생체 신호 탐지 등으로 감염병 확산을 모니터링하고 예측하는 데 뿐 아니라 치료제와 치료 방식 개발에도 활용될 전망이다. 지난 2월에 개인정보보호법의 개정으로 과학적 연구,...","In this paper, it is examined how the big data technologies have been utilized in the Corona crisis, and what the legal issues related to the use of big data are, pointing to the theoretical basis of big data governance in a normative sense. It is explored what the public legal points to consider in utilizing big data will be, so that public health crises such as infectious disease that may continue in the future can be overcome at an early stage."
코로나 19 확산에 따른 관광위험지각과 감정반응이 행동의도에 미치는 영향,코로나19 확산에 따른 관광위험지각과 감정반응이 행동의도에 미치는 영향 &lt; 논문상세 &lt; 페이퍼서치,"The purpose of this study is to analyze the relationship of influence among risk perception, emotional response and behavioral intention resulting from the occurrence of COVID-19. To this end, the survey was conducted online, and the effective samples of 307 copies were analyzed. According to research, socio-cultural·functional tourism risk perception affects positive emotional responses. Second, it was shown that the socio-cultural·functional·temporal tourism risk perception did not affect negative emotional responses and behavioral intention, and thirdly, positive emotional responses showed significant effects on behavioral intention. Based on these findings, this study found that compensation psychology through tourism is inherent as Corona 19's prolonged life pattern changes and continues to be exposed to dangerous situations. Therefore, it is necessary to find ways to implement differentiated marketing that can stimulate positive emotional reactions of people and minimize negative emotional responses in line with the tourism trend of post-corna era. In particular, in the post-corona era, individual tourists' desire for safety comes first, so it is necessary to expand non-face-to-face marketing through digital environment improvement by designating Untouch tourist attractions and Wellness tourist attractions that link nature, health and healing industries."
코로나 19 의 발생이 중국관광산업에 미치는 영향 및 대응책,코로나19  중국관광산업  위기관리  COVID-19  China  s Tourist Industry  Crisis Management,"China's tourism industry in 2019 accounts for 11.04% of China's GDP. Thus, it is easily seen that the sustained growth of the tourism industry is essential to China's economic growth. Tourism is sensitive, so it is easily affected by crises. Particularly in this year, the worldwide outbreak of COVID-19 has enormously affected of all major economic sectors and had a serious negative impact on the ever fast-growing China's tourism industry, which has brought China's economy to a standstill. The present paper analyzes how COVID-19 affects China's tourism industry and summarizes the impact mechanism by the inability of the supply of optical services, the mobility of tourism, the economic recession, and psychological factors. In the crisis management system, the tourism industry urgently needs the government's support policy (such as financial support, tax reduction, financial support, job maintenance, etc.), the association's countermeasures, and corporate countermeasures (industrial solubility, internal crisis management, etc.) in order to reduce damage and to expedite recovery. There still leaves a lot to do for retribution. Firstly, a faster early warning system is needed to respond to infectious diseases. Secondly, a support policy is needed for loans to small and medium-sized enterprises. Thirdly, maintaining a job is important, but it is worth paying attention to the unemployed. Fourthly, the competitiveness of government-funded companies should be increased rather than merely waiting for financial support. Fifthly, the government should release a policy to issue consumption coupons at the central government level for balanced development, showing the development of regional imbalances through the issuance of consumption coupons by local governments. Lastly, it is worth looking forward to the fusion of tourism and cultural industries, tourism and the Internet in order to increase the added value of tourism industry."
코로나 19 정보와 여행 의사결정과정에 관한 연구: 목표지향적 행동모형을 활용하여,"최근 들어 코로나19의 발생과 함께 전 세계는 예전에는 겪어 보지 못했던 크고 작은 문제들이 사회적, 경제적, 그리고 건강과 관련한 다양한 분야에서 발생하고 있다. 특히, 이 중에서도 관광 분야는 코로나19의 영향을 직접적으로 가장 크게 받은 분야 가운데 하나이다. 본 연구는 목표지향적 행동모형(MGB:Model of goal-directed)을 적용하여 코로나19 정보, 위험인식, 비약물조치가 여행 의사결정과정에 미치는 영향을 검증하고자 한다. 본 연구를 위하여 최근 2년간 국내 여행 경험이 있는 사람들을 대상으로 설문조사를 실시하였다. 본 연구결과 주관적 규범, 긍정적 예기정서 그리고 부정적 예기정서는 열망에 유의한 정(+)의 영향을 미치고, 열망은 행동의도에 유의한 정(+)의 영향을 미치는 것으로 나타났지만, 태도와 지각된 행동통제는 열망에 영향을 미치지 않는 것으로 분석되었다. 또한, 코로나19 정보는 위험인식과 비약물조치에 유의한 정(+)의 영향을 미치며, 위험인식은 비약물조치에 유의한 정(+)의 영향을 미치는 것으로 나타났다. 그러나 위험인식은 행동의도에는 부(-)의 영향을 미치는 것으로 나타났으며, 비약물조치는 행동의도에 정(+)의 영향을 미치는 것으로 나타났다. 본 연구에서는 분석결과를 토대로 코로나19와 관련하여 학술적 시사점뿐만 아니라 관광산업에 실무적 시사점을 제시하고자 한다. -->","Recently, the world is experiencing unprecedented global social, economic, and health issues caused by COVID-19. Especially, tourism is one of the industries most affected by the COVID-19 pandemic in the world. The purpose of this study is to examine the impacts of information and risk perception of COVID-19, and non-pharmaceutical intervention on travel decision-making process using a model of goal-directed behavior (MGB). To achieve the study’s objective, an online survey using Google form was conducted for the respondents who had experienced domestic trips within the past two years. The results of this study reveal that subjective norm, positive anticipated emotion, and negative anticipated emotion had positive effects on desire which in turn influenced behavioral intention to travel, whereas both attitude and perceived behavior control did not affect desire. Results also show that information on COVID-19 had a positive effect on risk perception and non-pharmaceutical intervention. Risk perception was found to positively affect non-pharmaceutical intervention, but negatively affect behavioral intention to travel. Furthermore, non-pharmaceutical intervention had a positive impact on behavioral intention to travel. Findings provide academia and practitioners with theoretical and practical implications for the COVID-19 pandemic in the tourism industry."
해운대 관광리조트의 도시정치학,"해운대 관광리조트 개발사업은 전면적으로 재검토되어야 한다. 이 사업은 부산시가 부산도시공사를 내세워서 공공개발이라는 이름으로 시작하였지만, 사업의 본질을 보면 이 사업은 공공사업이 아니라 민간부동산 개발사업이다. ‘토건주의적 성장연합’을 기반으로 하는 이 사업은 많은 문제점들을 가지고 있다. 민간개발업자에게 특혜를 준 부산시의 도시행정이 적나라하게 드러난 사업이다. 부동산개발이익을 추구 하는 민간개발업자의 탐욕, 부산시의 불의(不義)한 도시행정, 도시계획과 건축 분야의 전문가들의 공모 혹은 무비판성, 부산시 도시계획위원회와 건축위원회의 구성과 운영에 내재한 비시민성과 비공공성 등 이 사업은 탐욕과 불의 그리고 공모가 결탁한 대표적인 도시개발사업으로 평가될 것이다.","The Haeundae Tourist Resort project should be reexamined and rejected. The project started in the name of public development of which Busan City Hall and Busan Metropolitan Corporation have taken the initiative. However, examining the nature of the contents of the development, you will find that this project is definitely the private development. The Haeundae Tourist Resort project is full of greed and injustice. The private developer(Triple Square Consortium) has got full support by Busan City Hall. This paper argues that Busan City Hall has provided various kinds of special benefit for the private developer. The Haeundae Tourist Resort project will be remembered as one of the representative cases of the urban development in which the greed and the injustice are interwoven."
소수자 집단에 대한 태도와 사회적 거리감,"&nbsp;&nbsp;이 논문에서는, 북한이탈주민, 장애인, 외국인노동자, 동성애자를 서로 다른 범주에 의해 구분되는 한국사회의 소수자 집단으로 선정하고 이들에 대한 대학생들의 태도와 사회적 거리감을 분석하였다. 전국의 대학생 1,005명에 대한 경험적 자료 분석 결과를 바탕으로 소수자 집단에 대한 부정적 고정관념과 감정, 사회적 거리감을 비교하였으며 아울러 응답자의 사회인구학적 변인에 따른 차이와 각 개인의 응답 패턴을 통해 발견할 수 있는 사회심리학적 함의를 살펴보았다. 이 논문의 연구결과를 요약하면 다음과 같다.&nbsp;&nbsp;첫째, 이 연구에서 제시한 한국 사회의 소수자 집단에 대한 대학생들의 사회적 거리감은 장애인, 북한이탈주민, 외국인노동자, 동성애자의 순서로 점차 증가한다. 이와 같은 순서는 각 집단에 대한 부정적 감정의 정도와 일치한다. 둘째, 사회적 거리감을 통해 표출되는 개인의 태도는 고정관념과 같은 인지적 요인보다는 감정요인에 더 큰 영향을 받는다고 할 수 있다. 셋째, 한 개인의 여러 소수자 집단에 대해 갖는 태도는 비교적 일관된 성향을 갖는다. 즉, 특정 소수자 집단에 대해 부정적 태도를 갖고 있는 사람은 다른 집단에 대해서도 그와 같은 성향을 보일 가능성이 높다. 넷째, 이 조사의 모집단인 대학생들의 특성상, 소수자 집단에 대한 태도는 인구학적 변인이나 가족 배경 변인의 영향보다는 자신의 가치관과 정치적 성향에 크게 좌우되는 것으로 나타났다. 다섯째, 북한이탈주민, 장애인, 외국인노동자, 동성애자와의 접촉 경험은 이들에 대한 고정관념을 변화시키기보다는 부정적 감정을 감소시키는 과정을 거쳐 개인의 태도 변화에 영향을 끼쳤다.","&nbsp;&nbsp;In this paper, four groups - the North Korean defectors, the disabled, the foreign workers, and the homosexuals - are identified as minority groups in Korea, and the attitude of university students towards them is analyzed. Based on survey data including 1,005 cases, stereotypes, emotions and social distance towards minority groups are compared and the relationships between socioeconomicvariables of university students and their attitude towards each group&nbsp;&nbsp;are examined.&nbsp;&nbsp;The results are as follows. First, the social distance of university students towards the Korean society’s minority group gradually increases from the disabled, North Korean defectors, foreign workers to homosexuals. Such order is congruent with the degree of negative emotions towards each group. Second, university students’ attitude that is expressed through social distance is influenced more by emotional factors than from cognitive factors such as stereotypes. Third, individuals with negative attitude toward a specific minority group tend to have negative attitude toward other minority groups as well. shows a somewhat relatively higher consistency towards different minority groups. Fourth, university students’ attitude toward minority groups is more influenced by their values and political tendency than by demographical variables or family background. Fifth, the experience of actual contact with the North Korean defectors, the disabled, the foreign workers and the homosexuals, did not change the stereotypes. However, it greatly influenced the change of an individual’s attitude by decreasing the negative emotions."
설문조사를 통한 요구분석에서 우선순위결정 방안 탐색,"요구분석은 HRD 프로세스의 첫 단계이다. 그럼에도 불구하고 선행연구에서 올바른 요구분석을 실천한 연구를 찾아보기 힘들며 우선순위결정을 위한 노력은 더욱 제한적이었다. 본 연구는 가장 널리 사용되고 있는 설문조사를 통한 요구분석에서 우선순위 결정방법을 고찰하고 이들의 단점을 극복함과 동시에 장점을 극대화 할 수 있는 합리적인 과정을 제안하였다. 그리고 실제 데이터를 가지고 시뮬레이션을 통해 제안된 과정의 활용 가능성을 검증해 보고자 하였다. 본 연구는 설문을 통한 요구분석 우선순위결정을 위한 과정으로 t 검정, Borich의 요구도와 The Locus for Focus 모델의 중복성을 활용한 방안을 제안하였다. 기존 데이터를 활용하여 시뮬레이션을 실시한 결과 t 검정을 통해 전반적인 경향성을 파악하고, Borich의 요구도 값을 산출하여 우선순위를 파악한 후, The Locus for Focus 모델의 HH분면 항목과 개수를 확인하여 그 개수 만큼 최종적으로 Borich 요구도 순위와 중복된 항목을 최우선 순위군으로 결정한다. 또한 한쪽에만 나타난 항목들은 차순위군을 결정한다. 이와 같이 우선순위결정을 위해 3가지 기법을 통해 5가지 과정을 활용한다면 요구분석 결과의 우선순위를 결정하는데 있어 이해관계자와 의사결정자에게 보다 설득력 있는 결과를 제시할 수 있다.","요구분석은 HRD 프로세스의 첫 단계이다. 그럼에도 불구하고 선행연구에서 올바른 요구분석을 실천한 연구를 찾아보기 힘들며 우선순위결정을 위한 노력은 더욱 제한적이었다. 본 연구는 가장 널리 사용되고 있는 설문조사를 통한 요구분석에서 우선순위 결정방법을 고찰하고 이들의 단점을 극복함과 동시에 장점을 극대화 할 수 있는 합리적인 과정을 제안하였다. 그리고 실제 데이터를 가지고 시뮬레이션을 통해 제안된 과정의 활용 가능성을 검증해 보고자 하였다. 본 연구는 설문을 통한 요구분석 우선순위결정을 위한 과정으로 t 검정, Borich의 요구도와 The Locus for Focus 모델의 중복성을 활용한 방안을 제안하였다. 기존 데이터를 활용하여 시뮬레이션을 실시한 결과 t 검정을 통해 전반적인 경향성을 파악하고, Borich의 요구도 값을 산출하여 우선순위를 파악한 후, The Locus for Focus 모델의 HH분면 항목과 개수를 확인하여 그 개수 만큼 최종적으로 Borich 요구도 순위와 중복된 항목을 최우선 순위군으로 결정한다. 또한 한쪽에만 나타난 항목들은 차순위군을 결정한다. 이와 같이 우선순위결정을 위해 3가지 기법을 통해 5가지 과정을 활용한다면 요구분석 결과의 우선순위를 결정하는데 있어 이해관계자와 의사결정자에게 보다 설득력 있는 결과를 제시할 수 있다."
코로나 19 위험 인식과 낙관적 편향에 관한 탐색적 연구: 제주 방문 관광객을 중심으로 Journal of Tourism Sciences (관광학연구),"이 연구의 목적은 코로나 19 확산 기간 제주를 방문한 관광객을 대상으로 위험인식을 조사하여 낙관적 편향이 존재하는지를 확인하고, 인구통계학적 특성, 개인의 위험인식, 관여도, 자기효능성이 낙관적 편향에 영향을 미치는지 규명하기 위한 것이다. 코로나 19 바이러스는 전 세계 관광 시장에 큰 영향을 미쳐, 전 세계적으로 관광객이 크게 감소하였다. 그러나 코로나 19 감염 위험에도 불구하고 관광목적지로 이동하여 관광 행동을 하는 관광객도 있다. 이 연구는 이들 관광객의 관광 행동에 관한 심리적 요인을 낙관적 편향으로 보고, 선행연구를 바탕으로 실증연구를 실시하였다. 이를 위해 이 연구는 코로나 19 확산 기간에 제주도에서 관광 활동을 한 관광객 294명을 대상으로 설문조사를 실시하였다. 연구 결과, 코로나 19 기간 제주를 방문한 관광객들은 코로나 19 위험에 대해 낙관적 편향을 보이는 것으로 나타났다. 이러한 현상은 남성보다는 여성에서, 그리고 60대 이상의 연령보다 20대 이하의 연령에서 유의한 차이로 더 높게 나타났다. 낙관적 편향에 영향을 미치는 주요 원인을 찾고자 위험 지각, 관여도, 자기효능성을 선행연구로 하여 회귀분석을 실시한 결과, 위험 지각과 자기효능성이 낙관적 편향에 영향을 미치는 것으로 나타났다. 이 연구는 코로나 19 바이러스 감염 위험성에 대하여 위험 지각을 통해 나타나는 관광 회피 행동과는 다른 행동 성향을 보인 원인이 낙관적 편향일 것이라는 연구 결과를 제시하고 있다. 이 연구의 결과를 통해 전염병, 자연재해 등의 관광 위협 요소에 대한 관광객의 인식과 행동 의도를 낙관적 편향을 바탕으로 설명할 수 있을 것이다. 정책적으로도 관광 위협 요소에 대해 관광 활동을 제한하거나, 반대로 관광객을 유치할 수 있는 관광목적지의 마케팅 전략에 시사점을 제공할 것으로 기대된다.",http://visitjeju.or.kr/web/bbs/bbsDtl.do?pageIndex=1&amp;sBbsId=TOURSTAT&amp;bbsId=TOURSTAT&amp;noticeNum=290&amp;authNum=&amp;sKeyOpt=1&amp;sKey=
"싱가포르의 주요 산업: MICE, 의료관광을 중심으로",관련된 주요 MICE 산업육성 정책으로는 전략적 클러스터 조성을 들 수 있다. 국가 핵심 산업 관련 기관 및 사업 파트너들과 클러스터를 형성하여 컨벤션을 유인하는 전략을 의미한다. 또한 싱가포르는 특별히 첨단 고부가 가치 분야에 대한 컨퍼런스를 집중적으로 유치하여 국가 이미지 제고에 나서고 있다. 마지막으로 싱가포르는 대형 복합 리조트인 리조트월드 센토사와 마리나베이샌즈를 개장하여 MICE 산업 발전을 도모하였다.,관련된 주요 MICE 산업육성 정책으로는 전략적 클러스터 조성을 들 수 있다. 국가 핵심 산업 관련 기관 및 사업 파트너들과 클러스터를 형성하여 컨벤션을 유인하는 전략을 의미한다. 또한 싱가포르는 특별히 첨단 고부가 가치 분야에 대한 컨퍼런스를 집중적으로 유치하여 국가 이미지 제고에 나서고 있다. 마지막으로 싱가포르는 대형 복합 리조트인 리조트월드 센토사와 마리나베이샌즈를 개장하여 MICE 산업 발전을 도모하였다.
코로나-19 로 인한 관광객의 위험지각이 국내여행선호와 관광선호유형에 미치는 영향,코로나-19로 인한 관광객의 위험지각이 국내여행선호와 관광선호유형에 미치는 영향 &lt; 논문상세 &lt; 페이퍼서치,"The purpose of this study is to identify the impact of the perceived risk and tourists' worries on domestic tourism preference and types of tourism preferences. The survey for this paper was conducted online. The online survey was conducted for about 2weeks from July 09 to July 23, 2020. A total of 243 questionnaires were collected, 218 copies were used for data analyses with given a response rate of 89.7%. The results of the proof analysis on the hypothesis established in this study can be summarized as follow. First, four factors(factor 1: visit to historical sites, factor 2: experience tour, factor 3: nature tour, factor 4: walking tour) were extracted from the factor analysis on the tourism preference type. Second, the perceived risk had a significant effect on tourist worries. Third, perceived risk had a significant influence on domestic tourism preference. Fourth, tourists' worries had a significant influence on domestic tourism preference. Finally, domestic tourism preferences partially affected tourism preference types(It was found that domestic tourism preference did not have a significant effect on factor 2 of preferred tourism type, but it was found to have a significant effect on factor 1, factor 3 and factor 4)."
21 세기 인성교육의 방향설정을 위한 이론적 기초 연구,"&nbsp;&nbsp;인성과 인성교육의 개념은 현재 거의 합의가 이루어지지 못한 채 다양하게 쓰이고 있다. 인성교육이 제대로 이루어지기 위해서는 먼저 인성의 개념이 올바로 정립되어야 한다. 이에 본 연구는 동서양의 인성개념에 대한 철학적, 종교적 탐구를 바탕으로 하여 21세기 인간 삶의 상황을 고려한 인성의 개념을 새롭게 구상하고, 21세기형 인성교육의 방향을 정립하고자 하였다. 인성에 대한 이해는 다양하지만, 인성이라는 것은 인간이 도달해야 하는 이상적인 인간다운 성품, 인간본연의 모습이다. 우리는 인성을 이해하는데 있어 전통철학과 종교적 관점으로부터는 특히 초월성의 전망과 내면적인 변화를, 서양 철학의 현대적 관점으로부터는 특히 관계성과 전인의 측면을 추출해낼 수 있다. 21세기형 인성은 관계성, 도덕성, 전일성, 영성, 생명성, 창의성, 민주시민성을 두루 갖추어야 하며, 이러한 요소들이 상호 연관적으로 조화롭게 발달되도록 하는 교육이 이루어져야 한다. 21세기형 인성교육은 파편적이고 표피적인 측면에서 이해될 것이 아니라 본래의 마음을 회복하고자 하는 내면으로부터의 근본적인 변화에 근거해야 한다. 본 논문은 또한 21세기형 인성교육의 주요방향, 내용과 방법적 원리를 제시하였다.","&nbsp;&nbsp;The study tries to gain deeper understandings of human nature through investigating Oriental and Western notion for human nature in terms of historical, philosophical, religious and social perspectives; critically assesses the existing notion of human nature and the current situation, and tries to find an appropriate meaning of the 21st century human nature; establishes the valid direction of education for human nature. This study deals with Confucius, Buddhist, Christian and Taoist understandings of the notion of human nature from the religious angle. The study also investigates both ancient and modern conception of human nature in terms of philosophical perspective. We can learn the aspect of transcendentality and the internal change of human being in understanding the concept of human nature from religious standpoint. And, we can obtain the aspect of relationship and wholeness from modern standpoint. The meaning of human nature is a truly human character which a human being must attain. The components of 21st century human nature are this: relationship, morality, wholeness, spirituality, life and creativity. The 21st century education for the human nature is an intentional effort trying to develop the components of human nature fully to form character."
"코로나 19 로 인한 대학의 온라인 학습환경에서 관광교육의 수업 질, 수업만족, 학습성과에 관한 연구","코로나19로 인한 대학의 온라인 학습환경에서 관광교육의 수업 질, 수업만족, 학습성과에 관한 연구 &lt; 논문상세 &lt; 페이퍼서치","The pandemic of COVID-19 has changed the teaching environment at universities online education, and online classes have been expected to continue until the end of COVID-19. However, research on online classes at universities including tourism field has been conducted very limitedly. In this situation, it is meaningful to suggest the direction of future online classes through an evaluation of online classes in tourism field. Therefore, in this study, the influence of online class quality, class satisfaction, and learning outcomes were investigated, and additionally, differences were analyzed according to general matters. As a result of analysis, it was found that the quality of online classes have a significant effect on class satisfaction partially. In addition, it was found that online class satisfaction have a significant impact on learning performance. Furthermore, there are some significant differences in the quality of classes, satisfaction of classes, and learning performance depending on the major and grade. Based on these findings, theoretical and practical implications, the limitations of this study and its future direction will be proposed."
코로나 19 로 인한 초등학교 체육교과 원격수업 실태 분석,"본 연구의 목적은 코로나 19로 인한 온라인 개학에 따른 영역별 체육 수업의 운영 플랫폼, 콘텐츠, 체육 수업의 운영 내용 구성을 파악하여, 앞으로 영역별 균형 있는 온라인 체육 수업 준비와 감염병 재확산으로 인한 유사한 상황의 발생에 대비하는 데 필요한 기초자료를 제공하는데 있다. 경상남도 시⦁군 지역에 재직하고 있는 초등교사 120명(남자 70명, 여자 50명)을 대상으로 온라인 체육수업에 관한 반 구조화된 설문지로 자기기입방법을 적용하여 배포 및 수거하였다. 자료 수집은 2020년 4월 20일부터 2020년 5월 30일까지 6주간 18시간의 체육수업 내용에 한정하여 층화표집 방법에 의해 실태를 조사하였다. 자료분석은 PASW 18.0 프로그램을 이용하여 온라인 체육 수업 실태와 관련된 여러 질적 변수들의 연관성을 파악하기 위해 교차분석을 실시하였고, 검정을 실시한 결과 다음과 같은 결론을 얻었다. 첫째, 온라인 개학에 따른 온라인 플랫폼 사용 현황은 모든 범주에서 e 학습터를 가장 많이 사용하였고, 6학년에서만 쌍방향 형의 비율이 가장 높았으나, EBS 온라인 클래스는 전혀 사용하지 않았다. 둘째, 온라인 수업 활용 콘텐츠 현황은 모든 범주에서 유튜브를 가장 많이 사용하였고, EBS 콘텐츠는 가장 적게 사용하는 경향을 나타내었다. 수업 활용 콘텐츠 자체 제작 비율은 성별로는 남성이 여성보다 높게 나타났고, 경력별로는 경력 6∼10년의 교사들이 가장 높게 나타났으며, 13학급 이상 규모의 학교와 전담이 담임보다 높았다. 셋째, 체육과 지도 영역 현황은 모든 학년과 시기에서 건강 영역이 가장 높은 것으로 나타났고, 경쟁 영역이 가장 낮은 것으로 나타났다. 학년이 올라갈수록 안전 영역의 비율이 높은 경향이 나타났다. 체육과 지도 영역 현황은 전체적으로 인지와 심동 영역의 응답 비율이 높고 정의 영역이 낮은 비율을 차지했으며, 3, 4 학년에서는 심동적 영역, 5, 6 학년에서는 인지적 영역이 가장 높은 경향을 나타냈다. 시기별 지도 영역 현황은 주별로 약간의 차이는 있었지만, 전체적으로 심동, 인지, 정의 영역 순으로 나타났다.","The purpose of this study was to grasp the operating platform, content, and composition of the operation contents of each physical education class according to online due to over the novel corona 19, and similar situation due to balanced online physical education class preparation and re-proliferation of infectious diseases in the future It is to provide the basic data necessary to prepare for the occurrence of the problem. This is a semi-structured questionnaire about online physical education classes for 120 elementary school teachers (70 males and 50 females) who are working in the municipality of Gyeongsangnamdo. The data was collected from April 20, 2020 to May 30, 2020 and limited to 18 hours of physical education classes for 6 weeks. The data analysis was conducted using the PASW 18.0 program to cross-analyze various qualitative variables related to the actual condition of online physical education classes. The results of the research are as follows; First, the online platform usage status according to online school was the most used e-learning site in all categories, and the ratio of the interactive type was the highest in the 6th grade, but the EBS online class was not used at all. Second, the current status of online class use content used YouTube the most in all categories, and EBS content tended to use the least. The rate of self-produced content using classes was higher in males than in females, and teachers with 6-10 years of experience were the highest in their careers. Third, the current status of physical education and instructional areas was the highest in all grades and periods, and the competition area was the lowest. The higher the grade, the higher the proportion of safe areas. In the physical education and instruction area, overall, the response rate of the cognitive and cardiac area was high and the definition area was low, and the affective domain was the highest in the 3rd and 4th graders and the cognitive area in the 5th and 6th graders. The status of the map area by period was slightly different by state, In the selection of the learning contents in a lower level category, psychomotor domain was used most and cognitive was followed by the affective domain. It was found that the affective domain was used least."
가든관광의 시장세분화연구,"전 세계적으로 가든을 찾는 방문객수가 크게 증가하고 있으며, 가든방문이 주요한 레저활동 가운데 하나로 주목받고 있다. 하지만 가든은 관광과 레크레이션 경영연구에서 관심받지 못했다. 본 연구는 가든관광과 관련된 연구가 부족한 현실에서, 관광학적 측면에서 문헌연구를 통해 가든관광을 규명하고자 한다. 그리고 상설가든과 비상설가든 방문객들의 방문동기분석을 통해 가...","Whereas 'Multi-purpose seekers' is large in tentative garden. Furthermore, significant differences in visiting types and information sources were discovered among two groups. Fromthe research results, concrete and differentiatedmarketing strategies have to be applied for the two segmented market and strategic implications should be proposed for gardenmanagers."
엔터테인먼트 도시와 도시관광,"최근 도시관광은 기존의 도시 발달 전략이 가진 한계를 극복하고 지역경제에 활기를 불어넣는 도시 내의 새로운 성장산업의 역할을 한다는 점에서 그 중요성이 부각되고 있다. 이런 의미에서 이 연구는 도시관광의 증진을 위하여 엔터테인먼트 도시의 특징들이 어떻게 기여할 수 있는지를 살펴보았다. 이를 위하여 이 연구에서는 먼저 엔터테인먼트 도시의 개념을 설명하였는데, 엔터테인먼트 도시를 어메니티 요인 이외에도 새로운 정치문화, 도시성장의 방법, 그리고 도시공간 구조를 포함하는 포괄적인 개념으로 제시하였다. 다음으로 이 연구에서는 최근 미국과 유럽, 아시아에서 관광산업이 급격히 성장하고 있는 도시를 추출하고 그 성공 요인을 제시하였다. 그 성공 요인은 복합적 어메니티의 확장, 문화적 씬을 통한 관광증진, 그리고 창조 관광의 확대라고 할 수 있다. 이 연구에서는 이 세 가지 성공요인이 엔터테인먼트 도시의 특징과 밀접한 관련이 있는 것을 보여줌으로써, 도시관광 증진을 위한 엔터테인먼트 도시의 역할을 강조하였다.",통해 제공되고 있습니다 개인 고객인 경우 “구매하기” 버튼을 클릭해 주세요“인터넷교보문고”에서 본 논문을 구매하실 수 있습니다.
뉴노멀 (New Normal) 2.0 시대의 관광: 코로나 19 유행 기간 제주 방문 관광객 IPA 결과를 중심으로,뉴노멀(New Normal) 2.0 시대의 관광: 코로나19 유행 기간 제주 방문 관광객 IPA 결과를 중심으로,"The COVID-19 crisis is challenging tourist industries worldwide. It may offer invaluable opportunities to reset tourism toward a better pathway for the future. The purpose of this study was to explore the importance and performance level of the quarantine of the tourist service business during the crisis of spreading corona virus to predict the new normal 2.0 tourism. The 502 data was collected from Feb. 29 to Mar. 1, 2020 at the Jeju National Airport. As a research method, the traditional IPA and the revised IPA analysis were carried out together. The results showed that virus protection for public transportation, lodging facilities, and souvenir shops that tourists consider important should be thoroughly implemented to prevent an epidemic of corona virus. In order to revitalize tourism industry in the era of new normal 2.0, a tourism transformation based on sustainability is needed."
코로나 19 대응 관련 한국의 출입국 제한조치 및 국제법적 평가,"2019년부터 코로나 19이라는 국제적 감염병이 급속히 확산되면서, 각국은 자국으로의 유입을 차단하기 위해, 입국금지 등 출입국 제한 조치를 앞 다투어 시행하였다. 더 나아가, 공중보건 역량이 충분하지 못한 개도국 국가들은, 먼저 코로나 19가 확산된 타국으로부터 입국하는 외국인에 대해 전면적인 입국제한 조치를 취하기 시작하였다.  문제는 이러한 각국의 입국제한조치가 세계보건기구(WHO)와 같은 국제기구의 주도적인 조정 없이, 개별 국가들의 방역주권 차원에서 취해지고 있다는 데 있다. 국제사회에서는, 어느 개별국가들에 의해 취해진 다른 국가 국민에 대한 입국제한은, 국제법상 상호주의 법리를 통해, 그에 상응하는 입국제한조치를 야기하는 것이 일반적이다.  이 논문은 코로나 19에 대응하기 위해 우리나라 출입국당국이 시행한 외국인에 대한 출입국 조치들의 현황을 살펴보고, 그에 대한 국제적 감염병 전반을 다루는 ‘국제보건규칙(2005) 등 국제규범 차원의 평가와 향후 국제공조체제에서의 한국의 역할에 대한 모색을 하고자 하였다.  특히, 최근 국제사회와 세계 언론들이 한국에 대해 코로나 19 사태에 가장 모범적으로 대응하고 있다고 평가하는 가운데, 이러한 국제적 감염병의 국내 유입을 막기 위해 우리나라 출입국당국이 취하였던 출입국 제한조치 현황을 알아보는 것은 상당한 의미가 있다 할 것이다. 특히, 우리나라의 경우, 코로나 19 초기부터 전면적 입국금지 조치를 취하지 않고, 특별검역절차를 포함한 특별입국절차를 시행하면서, 실질적으로 코로나 19의 확산을 효과적으로 차단하는데 성공하였다는 점이다. 또한 그러한 정책의 연장선상에서 국내 입국이후, 체류하는 ‘격리의무 위반’외국인에 대하여는 고의적으로 중대한 위반인 경우, 코로나 확산의 방지를 위해 강제출국을 추진하였다.  이 글에서는 이러한 우리나라의 출입국 제한조치에 대한 국제법적 평가를 논의하는 것이 매우 의미가 있다는 데 중점을 두었다. 이러한 국제규범으로는 WHO가 주도하여 채택된 ‘국제보건규칙(2005)’과 WHO의 권고 등이 있으며, 이러한 평가의 대상은 한국의 공 항만에서의 특별입국절차를 거부하는 외국인에 대한 입국불허, ‘격리의무 위반’ 체류외국인의 강제출국, 체류외국인에 대한 출국기간 연장조치 등이 포함된다.  무엇보다도, 코로나 19 대응을 위한 국제공조체제의 수립이 시급한 데, 우리나라의 검역 및 보건체계 등과 연계된 출입국 조치를 담당하는 출입국당국의 역할이 중요하다고 본다. 국제보건규칙은 ‘인간의 존엄, 인권과 인간의 기본적 자유를 충분히 존중하면서, 국제교통과 운송에 대한 최소한의 간섭이라는 원칙들’을 천명하고 있는데. 우리나라 출입국당국이 이를 출입국업무 현장에서 실행하고 준수하는 것이 중요하다.  결론적으로, 코로나 19와 같은 국제적 감염병에 대한 통제를 위해서, WHO 주도의 국제적 대응은 각국의 국내법적 예방 및 확산 방지 조치들과 긴밀히 연계되는 데 초점이 맞추어져야 한다. 그러기 위해서는 코로나 19에 모범적으로 대처하고 있다는 평을 받고 있는 우리나라가 향후 국제보건규칙(2005)의 개정과 WHO 권고안 마련 시에, 각국이 시행할 ‘출입국 제한조치의 국제표준’을 마련하는데 적극적인 역할을 수행함으로써, 이들 국제규범들이 실질적이면서 효과적으로 국제적 감염병을 통제할 수 있는 방향으로 나아가는 데 기여할 수 있을 것이다. -->","2019년부터 코로나 19이라는 국제적 감염병이 급속히 확산되면서, 각국은 자국으로의 유입을 차단하기 위해, 입국금지 등 출입국 제한 조치를 앞 다투어 시행하였다. 더 나아가, 공중보건 역량이 충분하지 못한 개도국 국가들은, 먼저 코로나 19가 확산된 타국으로부터 입국하는 외국인에 대해 전면적인 입국제한 조치를 취하기 시작하였다.  문제는 이러한 각국의 입국제한조치가 세계보건기구(WHO)와 같은 국제기구의 주도적인 조정 없이, 개별 국가들의 방역주권 차원에서 취해지고 있다는 데 있다. 국제사회에서는, 어느 개별국가들에 의해 취해진 다른 국가 국민에 대한 입국제한은, 국제법상 상호주의 법리를 통해, 그에 상응하는 입국제한조치를 야기하는 것이 일반적이다.  이 논문은 코로나 19에 대응하기 위해 우리나라 출입국당국이 시행한 외국인에 대한 출입국 조치들의 현황을 살펴보고, 그에 대한 국제적 감염병 전반을 다루는 ‘국제보건규칙(2005) 등 국제규범 차원의 평가와 향후 국제공조체제에서의 한국의 역할에 대한 모색을 하고자 하였다.  특히, 최근 국제사회와 세계 언론들이 한국에 대해 코로나 19 사태에 가장 모범적으로 대응하고 있다고 평가하는 가운데, 이러한 국제적 감염병의 국내 유입을 막기 위해 우리나라 출입국당국이 취하였던 출입국 제한조치 현황을 알아보는 것은 상당한 의미가 있다 할 것이다. 특히, 우리나라의 경우, 코로나 19 초기부터 전면적 입국금지 조치를 취하지 않고, 특별검역절차를 포함한 특별입국절차를 시행하면서, 실질적으로 코로나 19의 확산을 효과적으로 차단하는데 성공하였다는 점이다. 또한 그러한 정책의 연장선상에서 국내 입국이후, 체류하는 ‘격리의무 위반’외국인에 대하여는 고의적으로 중대한 위반인 경우, 코로나 확산의 방지를 위해 강제출국을 추진하였다.  이 글에서는 이러한 우리나라의 출입국 제한조치에 대한 국제법적 평가를 논의하는 것이 매우 의미가 있다는 데 중점을 두었다. 이러한 국제규범으로는 WHO가 주도하여 채택된 ‘국제보건규칙(2005)’과 WHO의 권고 등이 있으며, 이러한 평가의 대상은 한국의 공 항만에서의 특별입국절차를 거부하는 외국인에 대한 입국불허, ‘격리의무 위반’ 체류외국인의 강제출국, 체류외국인에 대한 출국기간 연장조치 등이 포함된다.  무엇보다도, 코로나 19 대응을 위한 국제공조체제의 수립이 시급한 데, 우리나라의 검역 및 보건체계 등과 연계된 출입국 조치를 담당하는 출입국당국의 역할이 중요하다고 본다. 국제보건규칙은 ‘인간의 존엄, 인권과 인간의 기본적 자유를 충분히 존중하면서, 국제교통과 운송에 대한 최소한의 간섭이라는 원칙들’을 천명하고 있는데. 우리나라 출입국당국이 이를 출입국업무 현장에서 실행하고 준수하는 것이 중요하다.  결론적으로, 코로나 19와 같은 국제적 감염병에 대한 통제를 위해서, WHO 주도의 국제적 대응은 각국의 국내법적 예방 및 확산 방지 조치들과 긴밀히 연계되는 데 초점이 맞추어져야 한다. 그러기 위해서는 코로나 19에 모범적으로 대처하고 있다는 평을 받고 있는 우리나라가 향후 국제보건규칙(2005)의 개정과 WHO 권고안 마련 시에, 각국이 시행할 ‘출입국 제한조치의 국제표준’을 마련하는데 적극적인 역할을 수행함으로써, 이들 국제규범들이 실질적이면서 효과적으로 국제적 감염병을 통제할 수 있는 방향으로 나아가는 데 기여할 수 있을 것이다. -->"
대학생 핵심역량 진단체제 구축 방안 연구,"OECD의 AHELO 프로젝트에서 볼 수 있듯이, 대학교육성과의 객관적인 측정에 대한 관심이 국제적으로 증가하고 있으며 이에 따라 측정도구 역시 중요한 문제로 대두되고 있다. 국내에서도 교육역량강화사업과 학부교육선진화사업 등 대학교육의 성과 제고를 위한 정책사업들이 진행되어 오고 있으나 교육성과에 대한 정의와 이에 대한 측정은 이제 막 시작하는 단계에 진입해 있다. 본 연구에서는 대학교육성과의 핵심요인으로서 학생들의 핵심역량개발을 바라보고, 한국대학생들을 대상으로 핵심역량의 구성요인을 추출하고 이를 구체적으로 측정하기 위해서 개발된 K-CESA(Korea Collegiate Essential Skills)를 중심으로 대학생 핵심역량의 개념과 진단도구의 개발과정, 진단실시 결과를 통해 나타난 한국대학생의 역량의 일단을 살펴보고자 하였다. 의사소통역량, 글로벌역량, 자원정보기술활용역량, 종합적 사고력, 대인관계역량, 자기관리역량 등 여섯 가지 역량으로 구성된 K-CESA를 2010년 36개 대학 2만 8천여 명을 대상으로 실시한 결과, 학년별, 지역별, 그리고 계열별 뚜렷한 차이를 볼 수 있었다. K-CESA 진단실시과정 상에서 노정된 문제점을 제시하고, 이를 개선하기 위한 방안을 제안하고 아울러, K-CESA 결과가 대학교육과정개선에 반영될 수 있는 방안을 제시하였다.","Seeking the definition of core competence in college education, the present study scrutinized the K-CESA(Korea-Collegiate Essential Skill Assessment), a measuring tool developed by the Korea Research Institute for Vocational Education and Training to assess competences of Korean college students. The K-CESA test is composed of six competences: communication, resource &amp; information use, higher order thinking, human relations, self-management and global competency. The 28,000 students from 35 colleges and universities has applied the test and this study included analysis of the test results performed in 2010 and discussed limitations and suggestions for developing the K-CESA system. The study is expected to ultimately contribute to the improvement of the quality of higher education by providing directions for efficient implementation in reform of curriculum, teaching methods and educational services."
나주지역 문화관광자원 활성화에 관한 연구,"최윤홍(Choi, Yoon-hong), 나승화(Na, Seung-hwa). (2000). 나주지역 문화관광자원 활성화에 관한 연구. 문화관광연구, 2(1): 97-112","In order to fulfill these tasks, it is necessary to develop cultural resources and assets to maintain all historical areas such as fortress, pavilions, temples and tombs, and utilize local temples as spiritual, moral and cultural foundations."
포스트코로나 시대 섬관광의 치유가치 증진 방안,통해 제공되고 있습니다 개인 고객인 경우 “구매하기” 버튼을 클릭해 주세요“인터넷교보문고”에서 본 논문을 구매하실 수 있습니다.,"Recently, as Corona 19 is sweeping the world, various predictions and opinions are emerging about the daily life and industry that will change in the post-Corona era. As a result of an infectious disease called Corona 19, how to respond to the changes caused by the “new normal” that will create a world that has not been experienced before has emerged as an important topic. The emergence of these new normals is also affecting the changes in the tourism industry, and the changes in tourist needs that have been triggered by Corona 19 are increasing the demand for island tourism. Based on the analysis of the value of island tourism and the characteristics of island tourism from the current popular real-time TV entertainment program , this study suggests the direction of the strategy of revitalizing island tourism to meet the needs of tourists that will change in the post-Corona era. The suggestions are as follows. First, the island s natural state (inconvenience) strategy. Second, the island s isolation (disconnection) strategy. Third, the island s uniqueness (unique food ingredients) strategy. In conclusion, the strategy of island tourism to satisfy the changing needs of tourists in the post-Corona era is to actively preserve the natural state, isolation and uniqueness of the island. In other words, the island tourism strategy in the future requires a strategy focused on preservation that allows tourists to experience the characteristics of islands rather than development-oriented strategies such as expansion of facilities in urban tourism."
"포스트 코로나 19, 뉴노멀 시대의 산업 전략","[쟁점과 대안][Ⅰ. 코로나19가 경제에 미치는 영향]   코로나19로 인해 -1.2% 역성장하는 한국 경제   코로나19로 인한 무역 감소 : 수출, 한국 -1.4%, 경기도 -6.3%로 감소   코로나19로 인한 인적교류 위축으로 관광부문에 막대한 손실   코로나19로 인한 경기도 중소기업의 피해 : 60%가 피해 정도 심각[Ⅱ. K-방역을 통한 신뢰도 상승, 한국경제 도약의 기회]   전세계 방역 표준모델로 한국의 국가브랜드 상승 기회   투명성과 신뢰성 기반, 한국의 글로벌 첨단기지로서의 가능성 제고   코로나19로 성장하는 산업 : 의료, 정보통신, 무점포 소매 등[Ⅲ. 코로나19 이후 산업 패러다임 변화]   코로나19 이후 뉴노멀시대의 도래   코로나19 이후 뉴노멀시대 신산업의 부상[Ⅳ. 디지털 경제화와 글로벌 첨단거점화 추진]   급속한 디지털 경제로의 전환에 대비한 지원체계 구축   경기도, 글로벌 첨단기업의 거점화 전략[IMF 세계 경제성장률 전망]","[쟁점과 대안][Ⅰ. 코로나19가 경제에 미치는 영향]   코로나19로 인해 -1.2% 역성장하는 한국 경제   코로나19로 인한 무역 감소 : 수출, 한국 -1.4%, 경기도 -6.3%로 감소   코로나19로 인한 인적교류 위축으로 관광부문에 막대한 손실   코로나19로 인한 경기도 중소기업의 피해 : 60%가 피해 정도 심각[Ⅱ. K-방역을 통한 신뢰도 상승, 한국경제 도약의 기회]   전세계 방역 표준모델로 한국의 국가브랜드 상승 기회   투명성과 신뢰성 기반, 한국의 글로벌 첨단기지로서의 가능성 제고   코로나19로 성장하는 산업 : 의료, 정보통신, 무점포 소매 등[Ⅲ. 코로나19 이후 산업 패러다임 변화]   코로나19 이후 뉴노멀시대의 도래   코로나19 이후 뉴노멀시대 신산업의 부상[Ⅳ. 디지털 경제화와 글로벌 첨단거점화 추진]   급속한 디지털 경제로의 전환에 대비한 지원체계 구축   경기도, 글로벌 첨단기업의 거점화 전략[IMF 세계 경제성장률 전망]"
COVID-19 와 러시아의 관광시장,통해 제공되고 있습니다 개인 고객인 경우 “구매하기” 버튼을 클릭해 주세요“인터넷교보문고”에서 본 논문을 구매하실 수 있습니다.,"The tourism sector is currently one of the hardest-hit by the outbreak of COVID-19, with impacts on both travel supply and demand. This represents an added downside risk in the context of a weaker wor..."
민간 경비 서비스를 통한 관광 안전 확보 방안 논의,따라서 민간 경비는 고객 취약성에 따라 그에 적합한 관광 고객 안전 서비스를 제공할 수 있고 전문성을 갖추기 위해 법적 제도 및 절차가 마련되어야 하며 민간 경비가 공적 정보를 얻는 것에는 한계가 있을 수 있기 때문에 공경비인 관광 경찰대와의 지속적인 협력 관계를 유지할 수 있도록 협력 체계를 구축하고 지속적인 민간 경비 연구를 확대하여 제대로 된 관광 안전 서비스를 제공할 필요가 있다.,"Therefore, private security can provide appropriate tourism customer safety services according to customer vulnerabilities, and legal systems and procedures must be established to have expertise, and private security may have limitations in obtaining public information. It is necessary to establish a cooperative system to maintain a lasting cooperative relationship with the government and to provide proper tourism safety services by expanding continuous private security research."
제천시 관광개발 현황 및 관광 활성화,여기에 더하여 기존 관광지로 개발되어 제천 관광의 핵심역할을 수행중인 청 청풍면 소재지에 대한 도시계획 정비 등을 통해 인구 1만5천명 정도의 거점 관광타운으로 조성한다면 청풍과 시내의 상호 연계작용은 물론 인근 단양 충주 등으로 빠져나가는 관광객이 머물고 갈 수 있는 체류형 관광도시로서의 역할을 수행할 수 있게 되어 중부권 최고의 관광도시로 도약할 수 있을 것으로 판단되어 청풍면 소재지 종합 관광 거점타운 조성 사업을 제안한다.,"Conclusionally the response plans dealing with tourism policy are as followed. A top priority is to strengthen tourism policies to turn contents like food into products. And The Infrastructure for a stay type tour in the areas of welfare, traffic, tourism, and the environment should built by attract lodging facilities, providing transportation, and so on. At the same time, downtown area and Bakdaljae Pass-centered tourism development is urgently needed."
좌담회-코로나 19 발생에 따른 관광업계 피해와 대책,"김영준(한국문화관광연구원),&nbsp; 김현주(한국문화관광연구원),&nbsp; 전효재(한국문화관광연구원),&nbsp; 김윤영(한국문화관광연구원),&nbsp; 강정구(한국종합유원시설협회),&nbsp; 김병삼(한국관광협회중앙회),&nbsp; 정오섭(한국호텔업협회),&nbsp; 최창우(한국여행업협회),&nbsp; 하홍국(한국MICE협회),&nbsp; 안지섭","김영준(한국문화관광연구원),&nbsp; 김현주(한국문화관광연구원),&nbsp; 전효재(한국문화관광연구원),&nbsp; 김윤영(한국문화관광연구원),&nbsp; 강정구(한국종합유원시설협회),&nbsp; 김병삼(한국관광협회중앙회),&nbsp; 정오섭(한국호텔업협회),&nbsp; 최창우(한국여행업협회),&nbsp; 하홍국(한국MICE협회),&nbsp; 안지섭"
지속가능한 해양관광 통한 지역개발 방향에 관한 탐색적 연구,"고계성(Kye-Sung Ko).(2011). 지속가능한 해양관광 통한 지역개발 방향에 관한 탐색적 연구. 해양비즈니스, 18(): 1-25","To aviod the wrong results of mega-projects conducted and the impact of desired regional tourism planning, there are several suggestions from non-public investment to cooperation with tourism industry. Community, image, edutainment, marketing, and susutainable planning system are discussed. The future research should address a model that may be useful in applying the sustainability concept in regional tourism planning."
전장에서 관광지로-동아시아의 기억 산업,"오늘날 동아시아에서는 과거의 전쟁터가 인기 있는 관광지로 변모되어가는 현상이 목격되고 있다. 이 글은 중국의 난징대학살기념관, 일본의 구레 야마토 뮤지엄과 히로시마, 타이완 진먼도의 사례연구를 통해 동아시아에서 전쟁과 관련한 다크 투어리즘과 기억 산업의 양상을 검토한다. 문화적 기억의 측면에서 전쟁 관련 기억의 상품화에 활용된 기억의 매체, 매체가 재현하는 내러티브와 이미지 등을 분석하고, 전쟁 기억의 상품화, 관광자원 화에 미치는 다양한 조건을 살펴보았다. 이를 통해 다크 투어리즘, 나아가 부정적 장소 기억을 대상으로 한 동아시아 기억 산업의 특성을 검토했다.","Nowadays, past battlefields have transformed to interesting tourist spots in East Asia. This paper shows dark tourism and memory industry focused on four case studies, Nanjing Massacre Memorial in China, Yamato Museum and Hiroshima City in Japan, and Kinmen island in Taiwan. Specially, this paper explores how cultural memory about war is constructed and represented by media of memory. And It examines that various forces to commercialization of war memory. This shows that characteristics of dark tourism and memory industry based on negative place memory in East Asia."
지역특성이 인구이동에 미치는 영향: 계속이동과 회귀이동,"이성우(SeongWoo Lee).(2001). 지역특성이 인구이동에 미치는 영향 : 계속이동과 회귀이동. 한국지역개발학회지, 13(3): 19-43","Most migration analyses implicitly treat migration as if it were a once-and-for-all event Most moves, however, are repeat moves, either on to new locations or back to places where migrants lived before. Such repeat events are generally coined as onward or return migration, where the former is a sequence of moves to new locations and the latter represents a move to a previous location The purpose of this article is to extend the empirical literature on population migration by examining the effects of regional differentials on population movement between return and onward migrants. Our findings show some significant differences between return and onward migrants with respect to individual and locational characteristics. Compared with return migrants, onward migrants comprise a higher proportion of those searching for better opportunities in their response to the attractions of potential destinations. Those who overestimated the utility of the potential destination are more likely to be return migrants, taking advantage of kinship ties and location-specific amenities. We suspect that the expected difference in returns may result from a trade-off between the lower costs associated with making a return migration, the possibility of lower income levels following migration, and the help of kinship and location-specific capital in the home regions, relying upon relatives and friends for monetary or social assistance during the transition period right after migration."
의료 관광의 미래 전략 시나리오에 관한 연구,"본 연구에서는 의료 관광의 미래전략에 관한 시나리오 작성을 통해 의료 관광의 산업구조 변화를 전망하고 전략적 의미를 파악하고자 한다. 의료 관광의 산업구조를 의료서비스기관과 이들을 의료 관광객과 연결시켜 주 는 의료 관광 플랫폼으로 구분하고, 분야별 전문가 인터뷰 및 계층화 분석법(AH P)을 통해서 산업의 성장요인과 성장 저해 요인을 파악하여 발생 가능한 시나리오를 작성하였고, 각 시나리오별로 예상되는 전개 양상과 대응전략에 대한 시사점을 도출하였다.","This study examines the future strategy of medical tourism by making up scenarios, foresees the changes of medical toursim industry, and finds strategic implications. We classify medical service organizations and medical toursim platform, and diagnosis growth factors and obstacle factors through expert interviews and AHP methodology, and develop storyline and strategic implications of 4 scenarios of medical tourism. Finally, implications and limitations for future research are discussed."
코로나 19 특별재난 상황에서 임차인의 보호: 캐나다의 퇴거 집행 유예 (eviction order moratorium) 제도를 중심으로,"코로나 19로 인한 팬데믹 상황에서 ① 매출이 급감한 상업 임차인과 ② 외출 자제 등으로 안정된 주거환경이 필요한 주택임차인에 대한 보호가 시급하다. 이에 캐나다 정부는 2020년 4월～6월 간 재정난을 겪고 있는 소규모 사업체 임차인의 임대료 지급 부담을 덜어주는 한시적인 정책인 『캐나다 상가임대차 임대료 비상지원 정책(CECRA)』을 통해 상업 임차인 및 건물주를 지원하였다.  인구 밀집 지역인 온타리오주는 임대료 납부 지연으로 인한 임대인의 임차인 퇴거 요청에 대해 임대차위원회(Landlord and Tenant Board, LTB)의 퇴거 명령 집행에 대한 유예(eviction order moratorium)를 실시하였는데, 이는 경제 긴급상황에서 국가가 임차인의 차임 납부 지연에 대해, 예외적으로 용인해줌으로써 임차인의 주거 안정을 도모한 것으로 보인다. 또한, 미납분 50%에 대해 국가가 부담함으로써 임대인의 재산권 보호에도 충실하여 국민 모두의 이익을 고려하였다.  특히 퇴거 명령 집행에 대한 유예가 가능했던 것은, 온타리오주의 ‘임차인보호법(Tenant Protection Act)’ 때문인데, 이 법에서는 임대료 미납 등의 특수한 경우를 제외하고는 임차인의 계약갱신청구권을 보장하고 있으며, 설령 임대료 미납으로 퇴거를 집행하는 경우에도 임대인이 임의로 퇴거시킬 수 없고, LTB의 퇴거 명령 및 Sheriff’s Office(집행관)의 집행으로만 퇴거가 가능하다. 퇴거 명령 집행에 대한 유예제도에 관하여, Chalichv. Alhatam 판례에서는 퇴거 사유가 코로나 사태 이전에 그와 무관하게 발생하였다 하더라도 코로나19 와중에 퇴거를 강제집행하는 것은 특별한 사정이 없는 한 임차인의 보호를 위하여 허용되지 않는다는 취지의 판결을 내려 임차인을 두텁게 보호하였다.  이를 통해 캐나다는 계약갱신청구권과 임대차위원회 제도를 통해 임차인을 효과적이고 강력하게 보호하고 있음을 알 수 있었다. 우리나라도 주택임대차법에 갱신청구권을 도입하고 임대차 분쟁 조정위원회의 기능을 활성화한다면, 코로나바이러스 사태와 같은 긴급재난 상황에서 주택임차인을 보호함으로써 국민의 주거생활 안정에 기여할 수 있을 것으로 생각된다. -->","The COVID-19 pandemic has caused unprecedented disruption to the global economy, resulting in many commercial and residential tenants being unable to pay rent. While existing regulations under normal conditions indicate that failure to pay rent leads to eviction, during a pandemic, eviction acts as a serious risk to public health. To prevent such eviction, the Canadian government has declared a  ‘moratorium on evictions’ to provide stability to people""s housing.  Canada""s newly enacted policies have great implications that may be applicable to the rental system of Korea. First of all, in Ontario, a residential tenancy is automatically renewed unless the tenant or the landlord submits a notice of termination, or both tenant and landlord agree to terminate the tenancy upon signing. Second, even if the landlord assigned a valid reason for eviction, immediate eviction of the tenant cannot be enforced. Instead, permits of the “LTB” or similar dispute settlement agencies are required for immediate eviction. The current system of lease protection has aided many tenants during the state of emergency due to COVID-19. In addition, the Canadian government also strengthened the protection of landlords who are facing financial burden as a result of the COVID-19 pandemic, where homeowners may be eligible for a mortgage payment deferral of up to 6 months. Canada""s latest policies in response to the COVID-19 pandemic demonstrate a secure and effective strategy to provide stable housing. Future studies on ways to implement these Canadian policies according to the situation in Korea are warranted."
지자체 공연문화시설의 관광자원활용 방안연구,통해 제공되고 있습니다 개인 고객인 경우 “구매하기” 버튼을 클릭해 주세요“인터넷교보문고”에서 본 논문을 구매하실 수 있습니다.,"The purpose of this research is to study Sori Arts Center for Jeollabuk-do, which is located in Jeonju, Jeollabuk-do and is the largest cultural art performing center. in local government. We found th..."
국제결혼 이주여성의 부부갈등 결정요인 연구,"&nbsp;&nbsp;본 연구는 한국남성과 결혼한 이주여성의 부부갈등을 살펴보고 이러한 부부갈등에 영향을 주는 요인들을 4가지 이론적 관점에서 탐색함으로써 부부갈등을 잘 설명해 주는 영향력있는 모델과 그 결정요인들을 규명해 내는 연구이다. 이를 위해 전남과 광주인근에 거주하는 한국남성과 결혼한 이주여성 174명을 대상으로 부부갈등과 그 결정요인 등을 조사하였다. 조사방법은 서베이 조사로 구조화된 설문지를 사용하였으며 이주여성을 위한 교육프로그램이 진행되고 있는 사회복지관과 상담기관 등 12개 기관에서 개별 인터뷰하는 방식으로 자료를 수집하였다. 이러한 요인들과 부부갈등간의 관계를 분석한 결과를 요약하면 다음과 갈다.&nbsp;&nbsp;첫째, 부부갈등에서는 전체 부부갈등 평균이 5점 척도에서 2.950으로 나타났다. 부부갈등의 공동생활영역이 가장 높게 나타났으며 그 다음으로 제삼자영역, 개인영역으로 나타났으며 부부관계영역이 가장 낮은 영역으로 나타났다. 부부관계영역을 제외하고 모든 영역에서 부부갈등이 높게 나타난 결과로 보아 부부갈등을 일으키는 내용이 단순히 부부간의 상호작용만이 아니라 부부관계와 관련된 가족생활요인들에 대한 영역임을 알 수 있었다. 특히 경제적 문제(3.189)가 가장 높은 부부갈등을 보였다. 둘째, 자원모델 변수들에서는 정신적 건강이 좋지 않을수록, 민간단체의 지지가 낮을수록, 친구의 지지가 낮을수록, 자존감이 낮을수록 부부갈등이 높게 나타났는데 정신적 건강이 가장 영향력있는 변수로 나타났다. 경제적 자원을 제외한 다양한 차원의 요인들이 부부갈등과 밀접한 관련성을 맺고 있음을 볼 때 이주여성의 내외적 폭넓은 자원확보가 부부갈등감소에 기여함을 알 수 있다. 셋째, 성역할모델 변수들에서는 남편의 성역할 태도가 전통적일수록, 불공평성을 인지할수록 부부갈등은 높게 나타났다. 특히 남편의 전통적인 성역할 태도가 부부갈등에 가장 많은 영향을 주었다. 넷째, 관계성모델 변수들에서는 부부의 권력이 평등하지 않을수록, 남편의 지지가 적을수록 부부갈등은 높게 나타났다. 권력이 평등하지 않을수록 부부갈등에 가장 큰 영향을 주고 있어 부부생활을 연속적인 의사결정과정으로 볼 때 불평등한 권력은 부부갈등을 발생시킬 수 있는 작동기제임이 확인되었다. 또한 남편의 지지는 이주여성에게 위안을 주고 어려움을 이겨내는 힘의 원천으로서 부부갈등을 감소시키는 요인임을 발견할 수 있었다. 다섯째, 문화모델 변수들에서는 문화적응스트레스가 높을수록, 한국어에 능숙하지 않을수록, 문화정체감에서 분리에 대한 태도를 갖는 경우 부부갈등은 높게 나타났다. 이 중 문화적응스트레스가 부부갈등에 가장 큰 영향을 주는 것으로 확인되었다. 마지막으로 이주여성의 부부갈등에 문화모델이 가장 영향력있는 것으로 나타났다. 이러한 결과는 다양한 모델 변수들에 관심이 맞추어져야 하지만 이주여성의 부부갈등을 해결하는데는 문화적 요인들에 우선적으로 집중해야 함을 보여준다고 하겠다.","&nbsp;&nbsp;The purpose of this study is to analyze marital conflicts and to identify the factors and model that may affect to immigrant women""s marital conflicts on the basis of four theoretical perspectives. To explain immigrant women""s marital conflicts, they were used resource model, sex-role model, relationship model, and culture model. The subjects were the 174 immigrant women living in Gwanju and Chonnam by purposive sampling method. In these areas depth personal interviews were conducted. The data were analyzed with frequency, t-test, F-test, and Pearson""s r. In order to examine the influencing factors on immigrant women""s marital conflict, multiple regression and hiarchical regression analysis were employed.&nbsp;&nbsp;Major findings were as follows:&nbsp;&nbsp;First, the level of marital conflicts was 2.950(range 1-5). Immigrant women felt difficulties that financial problem was the highest in marital conflict and the next, husband""s relatives and his extended family, leisure activities, difference of husband""s routine habits, and raising children and their education. Second, immigrant women""s marital conflicts were influenced by mental health, nongoverment""s support, self-respect and friend""s support in resource model and were explained about 24.5%. Third, immigrant women""s marital conflicts were influenced by husband""s sex-role attitude, and unfairness in sex-role model and were explained about 16.9%. Fourth, immigrant women""s marital conflicts were influenced by power and husband""s support in relationship model and were explained about 20.6%. Fifth, immigrant women""s marital conflicts were influenced by acculturative stress, language proficiency and acculturative of separation in culture model and were explained about 26.1%. Sixth, Among four models culture model was the most important thing on marital conflicts and the next, resource model, relationship model and then sex-role model. The above results suggested that it needs to develop culture difference overcome program and to act that. In conclusion, to reduce immigrant women""s marital conflicts, various practical approaches are needed including culture perspective."
STEAM 융합인재교육에 대한 예비교사와 현직교사의 인식 분석,"본 연구에서는 경기도 소재 대학교에서 과학교육을 전공하고 있는 예비교사와 서울특별시, 경기도 소재의 초등학교에서 과학을 가르치고 있는 현직교사를 대상으로 STEAM 융합인재교육에 대한 인식을 분석하였다. 연구 결과는 다음과 같다. 첫째, STEAM 융합인재교육에 대한 예비교사의 인식을 조사한 결과, 예비교사들은 사범대학의 과학교육 관련 수업에서 얻은 정보로 인해 STEAM 융합인재교육에 대한 인지 정도가 높게 나타났다. 또한 STEAM 융합인재교육이 필요하다고 생각하고 있었으며, STEAM 교육을 실제 수업에 적용할 의향도 보이고 있었다(68.2%). 둘째, STEAM 융합인재교육에 대한 현직교사의 인식을 조사한 결과, STEAM 융합인재교육이 교육 현장에서 알려진 정도가 낮다는 것을 확인할 수 있었다. 그러나 현직교사들도 전반적으로 STEAM 융합인재교육의 필요성을 느끼고 있었으며, 수업에 적용할 의향도 긍정적으로 나타났다(79.5%). 셋째, STEAM 융합인재교육에 대한 예비교사와 현직교사의 인식 차이를 조사한 결과 기대할 수 있는 교육효과 중 정의적 측면의 흥미를 제외하고는 모두 유의미한 차이를 나타내었다. 또한 과학교육 목적에 부합하는 정도에서도 STS 소양 및 창의성 함양을 제외하고는 모두 유의미한 차이를 나타내었다.","This study analyzed science teachers’ ― the prospective teachers majoring in science education at universities located in Gyeonggi Province, and the in-service teachers teaching science at elementary schools located in Seoul City and Gyeonggi Province ―awareness of STEAM convergent education. The result of the analysis is as follows: First, as a result of researching the prospective teachers’ awareness of STEAM convergence education, they showed high awareness due to the information acquired from their university classes related to science education; also, they acknowledged the necessity of STEAM convergence education, showing the intention of applying it to their actual teaching (68.2%). Second, as a consequence of researching the in-service teachers’ awareness of the STEAM education, they showed low awareness, indicating it is not well-known among educational practitioners; however, they also acknowledged its necessity overall, showing the positive intention to apply it to their teaching (79.5%). Third, as regards the difference of both groups’ expectation of educational effects from the STEAM education, all items but the interest in a definitional aspect showed significant differences; besides, regarding its degree of correspondence to the purpose of science education, all items but the promotion of STS knowledge and creativity showed significant differences as well."
외국인 유학생의 문화적응 스트레스와 생활 스트레스에 미치는 영향,"&nbsp;&nbsp;본 연구는 외국인 유학생들의 한국에서의 문화적 적응과 생활 스트레스에 영향을 미치는 요인을 분석함으로써 유학생들의 삶의 실태를 객관적으로 파악하여 그들을 위한 복지적 관점의 방안을 제시하는데 그 목적이 있다. 이를 위해 대전 지역에 있는 3개 대학의 외국인 유학생들과 동아리 활동에 참여하고 있는 외국인 유학생 275명을 대상으로 일반적인 특성과 문화적응 스트레스 및 생활 스트레스에 관한 척도를 사용하여 설문조사를 실시하였다.&nbsp;&nbsp;연구 결과, 외국인 유학생들의 문화적응 스트레스에서는 향수병으로 인해 가장 많은 스트레스를 받고 있으며, 다음은 지각된 차별감이 영향을 미치는 요인으로 나타났다. 문화적응 스트레스에 영향을 미치는 일반적 요인으로는 성별, 결혼여부, 한국어 수준, 한국체류 기간 등의 4개 변인으로 나타났으며, 이중에서 한국어 수준이 가장 유의미한 영향을 미치는 변인으로 관찰되었다.&nbsp;&nbsp;외국인 유학생들의 생활 스트레스에서는 학업 문제와 장래 문제로 인한 스트레스를 가장 많이 받고 있으며, 다음으로는 친구 문제와 가치관 문제로 인한 생활 스트레스를 많이 받고 있는 것으로 나타났다. 생활 스트레스에 영향을 미치는 일반적 요인으로는 거주환경, 경제적 수준, 한국어 수준 등의 3개 변인으로 나타났으며, 이중에서 한국어 수준이 가장 유의미한 영향을 미치는 변인으로 관찰되었다. 그리고 한국 문화에 적응 수준이 높은 유학생은 생활 스트레스를 적게 경험하고 있는 것으로 나타났다.&nbsp;&nbsp;본 연구의 결과를 볼 때, 한국 유학생활을 성공적으로 수행하기 위해서는 한국어 수준이 가장 유의미한 영향을 미치는 변인으로 나타났다. 따라서 한국 유학생활을 성공적으로 수행하기 위해서는 각 대학 마다 한국어 수준을 빠른 시일 내에 향상시킬 수 있도록 효율적인 한국어 교육 프로그램의 제도적 마련이 우선적으로 필요하다. 이와 더불어 복지적인 측면에서 외국인 유학생 기숙사나 공동주택 등과 같은 거주 환경의 지원, 일자리 알선이나 장학금 등의 재정적 지원을 위한 제도적 마련과 더불어 정서적 어려움을 겪고 있는 외국인 유학생에게 상담프로그램을 제공하는 등의 사회복지실천 영역에서의 지속적인 지원이 필요하다. 그리고 유학생 개인적 차원으로는 한국문화나 한국어 교육 프로그램, 취미 활동, 봉사활동이나 종교 동아리 등의 다양한 집단 활동에 참여함으로서 교제의 폭을 넓히고 한국 사회에 빠른 시일 내에 적응할 수 있도록 하는 적극적인 태도와 노력이 필요하다.","&nbsp;&nbsp;The purpose of this thesis is to understand the acculturative stress and life stress among foreign students in Korea, and to provide them with some alternatives in the respect of social welfare. For this, this has been surveyed 275 foreign students through the questionnaire. To analyze the factors - the socio-demographic characteristics, acculturative stress and life stress, the collected data has been taken statistics using percentage, average, frequency, t-test, ANOVA, and hierarchical multiple regression analysis by SPSS 11.5 Version.&nbsp;&nbsp;The statistically meaningful results are summarized as follows : First, acculturative stress level was very high in homesickness and sense of discrimination. The four impotent influence factors in relation to the acculturative stress were sex, marriage status, korean language level, the length of one´s stay. And the most impotent factor was korean language level.&nbsp;&nbsp;Second, it showed that the life stresses - the studies at school, their prospect put them under a lot of stress most seriously. And the nest most serious factors were association with friends and sense of values. The three impotent influence factors in relation to the life stress were residence environment, economic level, korean language level. And also the most impotent factor was korean language level. The correlations between acculturative stress and life stress was positive."
코로나 19 에 따른 관광시장 전망,소속기관이 없으시거나 구독하지 않는 기관 소속이실 경우 논문을 구매하셔야 합니다.구독기관 소속이시더라도 계약범위에 따라 유료 논문일 수 있습니다.,"최경은, 김형종.&nbsp;(2020).&nbsp;코로나19에 따른 관광시장 전망.&nbsp;&lt;ITLC style='font-style:italic'&gt;한국관광정책&lt;/ITLC&gt;,&nbsp;(80),&nbsp;30-38."
질적 연구의 다양한 타당성에 대한 비교 분석 연구,"&nbsp;&nbsp;타당도에 관한 논의는 실증주의적 패러다임에 근거한 양(계량)적 연구에 뿌리를 두고 있다. 양적 연구와는 다른 자연주의적 패러다임에 근거한 질적 연구에서는 양적 연구에서 제시하는 타당도 개념과는 다른 나름대로의 타당도를 개념을 설정하기 위한 노력이 지속적으로 있어왔다. 1990년대 이후부터 우리나라에서도 질적 연구에 대한 관심이 교육학계에서 꾸준히 고조되고 있으나, 우리의 학문적 맥락에서는 질적 연구의 타당도에 관한 논의가 활성화 되어 오지 않아, 오늘날 양산되는 질적 연구물의 질적 수준에 대한 문제가 제기되고 있다. 이러한 문제의식에서 본 연구는 1)양적 연구와 질적 연구의 특성 비교, 2) 타당도 정의 재고, 3) 질적 연구 타당도 확보 선정틀로서의 연주자 렌즈와 연구자 패러다임, 4) 질적 연구 타당성의 유형과 타당도 확보 기법의 조화 등을 논의하였다. 즉, 본 논문은 질적 연구수행에서 혼란을 초래하였으며, 간과되었던 영역을 종합적으로 논의하여, 질적 연구 타당성에 대한 통찰을 제공하고 있다.","&nbsp;&nbsp;Because the various definitions of validity is rooted in positivist quantitative approach, qualitative research should redefine them for their use in naturalistic approach. Although the total number of research using qualitative approach has rising since the 1990s in Korea, the quality of their comes call into question. One of the major reason responsible for this problem is the lack of discussions on the quality criteria of qualitative research. In this sense, this study explores and analyzes the nature of validity in both quantitative and qualitative research in order to provide a insight into insuring rigor in qualitative research. I begin this study by comparing some of the major differences in quantitative and qualitative research. Next, I review and analyze a range of various definitions for validity given by leading authors. Than, I discuss the lens of researcher and researcher""s paradigm assumption as a determinant of choosing validity procedures. Finally, I offer 3 type of validity in qualitative research and its application with verification procedures. This study concludes with recommendations for enhancing the quality of qualitative research."
"제 7 차 한· 중 국제관광 온라인세미나: 코로나 19, 관광정책의 전환을 모색하다","제7차 한·중 국제관광 온라인세미나: 코로나19, 관광정책의 전환을 모색하다","손신욱.&nbsp;(2020).&nbsp;제7차 한·중 국제관광 온라인세미나: 코로나19, 관광정책의 전환을 모색하다.&nbsp;&lt;ITLC style='font-style:italic'&gt;한국관광정책&lt;/ITLC&gt;,&nbsp;(80),&nbsp;116-121."
코로나 19 에 대응한 관광산업 재정지원,코로나19에 대응한 관광산업 재정지원,"송경호.&nbsp;(2020).&nbsp;코로나19에 대응한 관광산업 재정지원.&nbsp;&lt;ITLC style='font-style:italic'&gt;한국관광정책&lt;/ITLC&gt;,&nbsp;(80),&nbsp;40-51."
포스트 코로나 19 관광산업 회복을 위한 정책 방향,포스트 코로나19 관광산업 회복을 위한 정책 방향,"구진경.&nbsp;(2020).&nbsp;포스트 코로나19 관광산업 회복을 위한 정책 방향.&nbsp;&lt;ITLC style='font-style:italic'&gt;한국관광정책&lt;/ITLC&gt;,&nbsp;(80),&nbsp;60-64."
"관광형 산촌정주권의 연계개발 방향; 청향, 구례지역을 중심으로","강병수(Kang ByungSu), 오덕성(Oh DeogSeong). (1997). 관광형 산촌정주권의 연계개발 방향 ; 청향 , 구례지역을 중심으로. 한국지역개발학회지, 9(3): 125-140","As the unintentional result of national and regional development policies for mountain villages up to date, the mountain village residents living conditions have been improved too much slowly. In order to find the undevelopment problems and development alternatives of mountain villages with potentials for tourist resort, this study focused on the improvements of social infrastructure for the vitalization of the mountain village development. This study examined the factors affecting undevelopment in the tourist resort type of mountain village, which is the sort of periphery region as compared with the closest county center, in terms of linking mechanisms for utilizing social infrastructure of the county center. The study was conducted by 10 interviewers with the subjects of 282 households in Cheong-Yang area and 301 households in Gu-Rae area. From both of the cases the study suggested the major improvement alternatives in terms of strengthening both physical and psychological connections between the county center and the residents` settlement in mountain village. In doing so, this study developed the linking mechanisms corresponding to each linking subjects which are education service, administration service, medical service, cultural service, and other services."
코로나 19 대응 관광산업 민· 관 협력,코로나19 대응 관광산업 민 · 관 협력,"김병삼.&nbsp;(2020).&nbsp;코로나19 대응 관광산업 민 · 관 협력.&nbsp;&lt;ITLC style='font-style:italic'&gt;한국관광정책&lt;/ITLC&gt;,&nbsp;(80),&nbsp;66-72."
코로나 19 관련 중국의 관광정책 동향,"다이빈, 양진쏭, 쏭쯔첸, 허충펑, 짜오이징.&nbsp;(2020).&nbsp;코로나19 관련 중국의 관광정책 동향.&nbsp;&lt;ITLC style='font-style:italic'&gt;한국관광정책&lt;/ITLC&gt;,&nbsp;(80),&nbsp;128-133.","다이빈, 양진쏭, 쏭쯔첸, 허충펑, 짜오이징.&nbsp;(2020).&nbsp;코로나19 관련 중국의 관광정책 동향.&nbsp;&lt;ITLC style='font-style:italic'&gt;한국관광정책&lt;/ITLC&gt;,&nbsp;(80),&nbsp;128-133."
해양자원의 웰니스 산업적 이용가능성과 해외치유관광 개발 전략,"채동렬(Chae Dong Ryul).(2017). 해양자원의 웰니스 산업적 이용가능성과 해외치유관광 개발 전략. 해양관광연구, 10(2): 65-81",This study examined the possibility of using marine resources in Korea as a wellness industry and suggested strategies for development of marine healing tourism suitable for coastal villages and marine conditions in Korea.
코로나 19 관련 대만의 관광정책 동향,코로나19 관련 대만의 관광정책 동향,"전동현.&nbsp;(2020).&nbsp;코로나19 관련 대만의 관광정책 동향.&nbsp;&lt;ITLC style='font-style:italic'&gt;한국관광정책&lt;/ITLC&gt;,&nbsp;(80),&nbsp;134-138."
"관광산업동향 144 관광분야의 코로나 쇼크: BSI, CSI 를 중심으로",소속기관이 없으시거나 구독하지 않는 기관 소속이실 경우 논문을 구매하셔야 합니다.구독기관 소속이시더라도 계약범위에 따라 유료 논문일 수 있습니다.,"편집부.&nbsp;(2020).&nbsp;한국관광정책 제80호 목차.&nbsp;&lt;ITLC style='font-style:italic'&gt;한국관광정책&lt;/ITLC&gt;,&nbsp;(80),&nbsp;3-3."
코로나 19 원격 교육에서 외로움과 유튜브 과다사용이 대학생활적응에 미치는 영향에 대한 탐색적 연구,"본 연구의 목적은 코로나19 원격 교육 환경에서 대학생들의 외로움과 유튜브 과다사용이 대학생활적응과 어떠한 관계가 있는가를 파악하는 것이다. 이를 위하여 본 연구는 외로움과 유튜브 과다사용이 사회 적응 및 학업 적응에 미치는 영향을 파악하는 연구모형을 개발하였다. 본 논문은 온라인 설문조사를 실시하여 95개의 설문조사 데이터를 최종 분석에 적용하였다. 설문 데이터는 구조 방정식 모형을 사용하여 분석하였다. 분석 결과는 다음과 같다. 첫째, 외로움이 많을수록 대학 사회 적응과 학업 적응이 낮은 것으로 나타났다. 둘째, 유튜브 과다사용이 많을수록 대학 사회 적응이 낮은 것으로 나타났다. 결론적으로 외로움과 유튜브 과다사용은 대학생활적응을 예측하는 유의한 변인인 것으로 나타났다. 본 연구의 결과는 대학생들이 외로움 관리와 유튜브를 사용을 적절하게 할 수 있도록 돕는 환경 조성과 제도적 지원의 필요성을 시사하고 있다. -->","The purpose of this study is to investigate the relations of loneliness and YouTube addiction on college life adjustment of college students in the distance education during COVID-19 environment. In order to accomplish this purpose, this study built a research model that viewed how loneliness and YouTube addiction work together to explain college life adjustment such as social adjustment, academic adjustment. This study was conducted an online survey and applied 95 survey data to the final analysis. Structural equation model was used to analyze the data. The results of this study are summarized as followings. First, loneliness has negative effects on both social adjustment and academic adjustment. Second, YouTube addiction has a negative effect on social adjustment. In conclusion, loneliness and YouTube addiction are the significant predictor for the college life adjustment. Implications for practice are discussed."
코로나 19 관광기업 투자유치 전략과 방향,코로나19 관광기업 투자유치 전략과 방향,"차민석.&nbsp;(2020).&nbsp;코로나19 관광기업 투자유치 전략과 방향.&nbsp;&lt;ITLC style='font-style:italic'&gt;한국관광정책&lt;/ITLC&gt;,&nbsp;(80),&nbsp;94-98."
